,categoria,marca,nombre,tipo,precio_sin_desc,descuento,precio_con_desc,valoracion,num_valoraciones
0,Perfumes de hombre,Afnan,Supremacy Not Only Intense,extracto de perfume para hombre 100 ml,Es el precio con desc,-15 %,"49,90",Sin valoracion,Sin valoraciones
1,Perfumes de hombre,Lattafa,Pride Eternal Oud,Eau de Parfum unisex 100 ml,Es el precio con desc,-15 %,"56,00",Sin valoracion,Sin valoraciones
2,Perfumes de hombre,Lattafa,Badee Al Oud Oud For Glory,Eau de Parfum unisex 100 ml,"27,70€",Sin descuento,"26,00",4.4,12
3,Perfumes de hombre,Bentley,For Men Intense,Eau de Parfum para hombre 100 ml,"89,00€",-15 %,"29,50",4.5,122
4,Perfumes de hombre,Lattafa,Fakhar Lattafa Men,Eau de Parfum para hombre 100 ml,"36,70€",-15 %,"18,30",4.2,9
5,Perfumes de hombre,Lattafa,Ameer Al Oudh Intense Oud,Eau de Parfum unisex 100 ml,"33,70€",-15 %,"20,80",4.3,25
6,Perfumes de hombre,Versace,Eros Flame,Eau de Parfum para hombre,"53,00€",Sin descuento,"49,80",4.5,6
7,Perfumes de hombre,Lattafa,Asad,Eau de Parfum para hombre 100 ml,"60,10€",-15 %,"25,50",4.6,19
8,Perfumes de hombre,Lattafa,Qaed Al Fursan,Eau de Parfum unisex 90 ml,"28,00€",-15 %,"18,20",4.4,18
9,Perfumes de hombre,Carolina Herrera,212 VIP Black,Eau de Parfum para hombre,Es el precio con desc,Sin descuento,"48,00",Sin valoracion,Sin valoraciones
10,Perfumes de hombre,Lattafa,Badee Al Oud Ametyst,Eau de Parfum para mujer 100 ml,"49,50€",-15 %,"32,00",4.2,23
11,Perfumes de hombre,Al Haramain,Détour noir,Eau de Parfum para hombre 100 ml,"59,30€",-15 %,"31,70",4.4,16
12,Perfumes de hombre,Afnan,Supremacy In Oud,Eau de Parfum unisex 100 ml,"51,20€",-15 %,"46,10",4.5,2
13,Perfumes de hombre,Afnan,Supremacy Silver,Eau de Parfum para hombre 100 ml,Es el precio con desc,-15 %,"37,20",Sin valoracion,Sin valoraciones
14,Perfumes de hombre,Lattafa,Sheikh Al Shuyukh Luxe Edition,Eau de Parfum unisex 100 ml,"27,30€",-15 %,"18,20",4.6,27
15,Perfumes de hombre,Rasasi,Daarej Pour Homme,Eau de Parfum para hombre 100 ml,"34,80€",-15 %,"17,80",4.3,53
16,Perfumes de hombre,Lattafa,Opulent Red,Eau de Parfum unisex 100 ml,"32,80€",-15 %,"18,10",4.7,29
17,Perfumes de hombre,Afnan,Turathi Blue Homme,Eau de Parfum para hombre 90 ml,"37,20€",-15 %,"34,90",4.6,44
18,Perfumes de hombre,Al Haramain,Amber Oud Gold Edition,Eau de Parfum unisex 60 ml,"104,22€",-15 %,"54,50",4.9,17
19,Perfumes de hombre,Rasasi,Shuhrah Pour Homme,Eau de Parfum para hombre 90 ml,"47,80€",-15 %,"24,70",4.3,129
20,Perfumes de hombre,Lattafa,Pride Ishq Al Shuyukh Gold,Eau de Parfum unisex 100 ml,Es el precio con desc,-15 %,"56,00",Sin valoracion,Sin valoraciones
21,Perfumes de hombre,Afnan,9 PM,Eau de Parfum para hombre 100 ml,Es el precio con desc,-15 %,"41,10",Sin valoracion,Sin valoraciones
22,Perfumes de hombre,Al Haramain,Amber Oud Tobacco Edition,Eau de Parfum unisex 60 ml,"96,03€",-15 %,"54,30",4.6,28
23,Perfumes de hombre,Versace,Pour Homme Oud Noir,Eau de Parfum para hombre 100 ml,Es el precio con desc,-15 %,"110,00",Sin valoracion,Sin valoraciones
24,Perfumes de hombre,Afnan,Supremacy Not Only Intense,extracto de perfume para hombre 100 ml,Es el precio con desc,-15 %,"49,90",Sin valoracion,Sin valoraciones
25,Perfumes de hombre,Lattafa,Pride Eternal Oud,Eau de Parfum unisex 100 ml,Es el precio con desc,-15 %,"56,00",Sin valoracion,Sin valoraciones
26,Perfumes de hombre,Lattafa,Badee Al Oud Oud For Glory,Eau de Parfum unisex 100 ml,"27,70€",Sin descuento,"26,00",4.4,12
27,Perfumes de hombre,Bentley,For Men Intense,Eau de Parfum para hombre 100 ml,"89,00€",-15 %,"29,50",4.5,122
28,Perfumes de hombre,Lattafa,Fakhar Lattafa Men,Eau de Parfum para hombre 100 ml,"36,70€",-15 %,"18,30",4.2,9
29,Perfumes de hombre,Lattafa,Ameer Al Oudh Intense Oud,Eau de Parfum unisex 100 ml,"33,70€",-15 %,"20,80",4.3,25
30,Perfumes de hombre,Versace,Eros Flame,Eau de Parfum para hombre,"53,00€",Sin descuento,"49,80",4.5,6
31,Perfumes de hombre,Lattafa,Asad,Eau de Parfum para hombre 100 ml,"60,10€",-15 %,"25,50",4.6,19
32,Perfumes de hombre,Lattafa,Qaed Al Fursan,Eau de Parfum unisex 90 ml,"28,00€",-15 %,"18,20",4.4,18
33,Perfumes de hombre,Carolina Herrera,212 VIP Black,Eau de Parfum para hombre,Es el precio con desc,Sin descuento,"48,00",Sin valoracion,Sin valoraciones
34,Perfumes de hombre,Lattafa,Badee Al Oud Ametyst,Eau de Parfum para mujer 100 ml,"49,50€",-15 %,"32,00",4.2,23
35,Perfumes de hombre,Al Haramain,Détour noir,Eau de Parfum para hombre 100 ml,"59,30€",-15 %,"31,70",4.4,16
36,Perfumes de hombre,Afnan,Supremacy In Oud,Eau de Parfum unisex 100 ml,"51,20€",-15 %,"46,10",4.5,2
37,Perfumes de hombre,Afnan,Supremacy Silver,Eau de Parfum para hombre 100 ml,Es el precio con desc,-15 %,"37,20",Sin valoracion,Sin valoraciones
38,Perfumes de hombre,Lattafa,Sheikh Al Shuyukh Luxe Edition,Eau de Parfum unisex 100 ml,"27,30€",-15 %,"18,20",4.6,27
39,Perfumes de hombre,Rasasi,Daarej Pour Homme,Eau de Parfum para hombre 100 ml,"34,80€",-15 %,"17,80",4.3,53
40,Perfumes de hombre,Lattafa,Opulent Red,Eau de Parfum unisex 100 ml,"32,80€",-15 %,"18,10",4.7,29
41,Perfumes de hombre,Afnan,Turathi Blue Homme,Eau de Parfum para hombre 90 ml,"37,20€",-15 %,"34,90",4.6,44
42,Perfumes de hombre,Al Haramain,Amber Oud Gold Edition,Eau de Parfum unisex 60 ml,"104,22€",-15 %,"54,50",4.9,17
43,Perfumes de hombre,Rasasi,Shuhrah Pour Homme,Eau de Parfum para hombre 90 ml,"47,80€",-15 %,"24,70",4.3,129
44,Perfumes de hombre,Lattafa,Pride Ishq Al Shuyukh Gold,Eau de Parfum unisex 100 ml,Es el precio con desc,-15 %,"56,00",Sin valoracion,Sin valoraciones
45,Perfumes de hombre,Afnan,9 PM,Eau de Parfum para hombre 100 ml,Es el precio con desc,-15 %,"41,10",Sin valoracion,Sin valoraciones
46,Perfumes de hombre,Al Haramain,Amber Oud Tobacco Edition,Eau de Parfum unisex 60 ml,"96,03€",-15 %,"54,30",4.6,28
47,Perfumes de hombre,Versace,Pour Homme Oud Noir,Eau de Parfum para hombre 100 ml,Es el precio con desc,-15 %,"110,00",Sin valoracion,Sin valoraciones
48,Perfumes de hombre,Bentley,For Men Intense,Eau de Parfum para hombre 100 ml,"89,00€",-15 %,"29,50",4.5,122
49,Perfumes de hombre,Lattafa,Badee Al Oud Oud For Glory,Eau de Parfum unisex 100 ml,"27,70€",Sin descuento,"26,00",4.4,12
50,Perfumes de hombre,Lattafa,Fakhar Lattafa Men,Eau de Parfum para hombre 100 ml,"36,70€",-15 %,"18,30",4.2,9
51,Perfumes de hombre,Lattafa,Ameer Al Oudh Intense Oud,Eau de Parfum unisex 100 ml,"33,70€",-15 %,"20,80",4.3,25
52,Perfumes de hombre,Lattafa,Asad,Eau de Parfum para hombre 100 ml,"60,10€",-15 %,"25,50",4.6,19
53,Perfumes de hombre,Lattafa,Qaed Al Fursan,Eau de Parfum unisex 90 ml,"28,00€",-15 %,"18,20",4.4,18
54,Perfumes de hombre,Afnan,Supremacy Not Only Intense,extracto de perfume para hombre 100 ml,Es el precio con desc,-15 %,"49,90",Sin valoracion,Sin valoraciones
55,Perfumes de hombre,Lattafa,Badee Al Oud Ametyst,Eau de Parfum para mujer 100 ml,"49,50€",-15 %,"32,00",4.2,23
56,Perfumes de hombre,Al Haramain,Détour noir,Eau de Parfum para hombre 100 ml,"59,30€",-15 %,"31,70",4.4,16
57,Perfumes de hombre,Rasasi,Daarej Pour Homme,Eau de Parfum para hombre 100 ml,"34,80€",-15 %,"17,80",4.3,53
58,Perfumes de hombre,Lattafa,Sheikh Al Shuyukh Luxe Edition,Eau de Parfum unisex 100 ml,"27,30€",-15 %,"18,20",4.6,27
59,Perfumes de hombre,Afnan,Turathi Blue Homme,Eau de Parfum para hombre 90 ml,"37,20€",-15 %,"34,90",4.6,44
60,Perfumes de hombre,Lattafa,Opulent Red,Eau de Parfum unisex 100 ml,"32,80€",-15 %,"18,10",4.7,29
61,Perfumes de hombre,Rasasi,Shuhrah Pour Homme,Eau de Parfum para hombre 90 ml,"47,80€",-15 %,"24,70",4.3,129
62,Perfumes de hombre,Al Haramain,Amber Oud Gold Edition,Eau de Parfum unisex 60 ml,"104,22€",-15 %,"54,50",4.9,17
63,Perfumes de hombre,Afnan,9 PM,Eau de Parfum para hombre 100 ml,Es el precio con desc,-15 %,"41,10",Sin valoracion,Sin valoraciones
64,Perfumes de hombre,Lattafa,Pride Ishq Al Shuyukh Gold,Eau de Parfum unisex 100 ml,Es el precio con desc,-15 %,"56,00",Sin valoracion,Sin valoraciones
65,Perfumes de hombre,Al Haramain,Amber Oud Tobacco Edition,Eau de Parfum unisex 60 ml,"96,03€",-15 %,"54,30",4.6,28
66,Perfumes de hombre,Al Haramain,L'Aventure,Eau de Parfum para hombre,"21,20€",Sin descuento,"19,90",4.3,18
67,Perfumes de hombre,Just Jack,Tobacco Leaf,Eau de Parfum unisex,"27,49€",-15 %,"11,50",4.7,22
68,Perfumes de hombre,Lalique,Encre Noire A L'Extreme,Eau de Parfum para hombre 100 ml,"123,00€",-15 %,"29,80",4.4,40
69,Perfumes de hombre,Lattafa,Opulent Oud,Eau de Parfum unisex 100 ml,"28,40€",-15 %,"22,90",4.7,10
70,Perfumes de hombre,Rasasi,Fattan Pour Homme,Eau de Parfum para hombre 50 ml,"28,40€",-15 %,"14,50",4.4,29
71,Perfumes de hombre,Lattafa,Malik Al Tayoor Concentrated,Eau de Parfum unisex 100 ml,"26,50€",-15 %,"14,90",4.2,4
72,Perfumes de hombre,Geoffrey Beene,Grey Flannel,Eau de Toilette con vaporizador para hombre 120 ml,"75,00€",-15 %,"20,10",5,2
73,Perfumes de hombre,Laura Biagiotti,Romamor Uomo,Eau de Toilette para hombre,"63,00€",-15 %,"29,20",5,1
74,Perfumes de hombre,HERMÈS,Terre d’Hermès Eau Intense Vétiver,Eau de Parfum para hombre,Es el precio con desc,Sin descuento,"92,00",Sin valoracion,Sin valoraciones
75,Perfumes de hombre,Guess,1981 Indigo,Eau de Toilette para hombre 100 ml,"61,00€",-15 %,"30,50",5,1
76,Perfumes de hombre,Proraso,Wood and Spice,agua de colonia para hombre 100 ml,Es el precio con desc,-15 %,"22,50",Sin valoracion,Sin valoraciones
77,Perfumes de hombre,Abercrombie & Fitch,First Instinct Extreme,Eau de Parfum para hombre,Es el precio con desc,-15 %,"30,80",Sin valoracion,Sin valoraciones
78,Perfumes de hombre,Bond No. 9,Governors Island,Eau de Parfum unisex 100 ml,Es el precio con desc,Sin descuento,"196,50",Sin valoracion,Sin valoraciones
79,Perfumes de hombre,Truefitt & Hill,Spanish Leather,agua de colonia para hombre 100 ml,Es el precio con desc,-15 %,"68,40",Sin valoracion,Sin valoraciones
80,Perfumes de hombre,STR8,Rise,Eau de Toilette para hombre,"15,35€",-15 %,"9,90",4,1
81,Perfumes de hombre,STR8,Original,Eau de Toilette para hombre 100 ml,Es el precio con desc,-15 %,"14,20",Sin valoracion,Sin valoraciones
82,Perfumes de hombre,STR8,Live True,Eau de Toilette para hombre 100 ml,Es el precio con desc,-15 %,"9,90",Sin valoracion,Sin valoraciones
83,Perfumes de hombre,Creed,Bois Du Portugal,Eau de Parfum para hombre,Es el precio con desc,Sin descuento,"208,50",Sin valoracion,Sin valoraciones
84,Perfumes de hombre,Abercrombie & Fitch,Authentic,Eau de Toilette para hombre,"81,20€",-15 %,"27,50",5,4
85,Perfumes de hombre,Salvatore Ferragamo,Uomo Urban Feel,Eau de Toilette para hombre,"94,50€",-15 %,"34,20",4.7,3
86,Perfumes de hombre,Chanel,Allure Homme Sport Cologne,agua de colonia (1x recargable + 2x recarga) para hombre 2x20 ml,Es el precio con desc,-15 %,"109,80",Sin valoracion,Sin valoraciones
87,Perfumes de hombre,Al Haramain,Oudh Patchouli,Eau de Parfum unisex 100 ml,"66,00€",-15 %,"43,80",3,2
88,Perfumes de hombre,Police,Frozen,Eau de Toilette para hombre 100 ml,Es el precio con desc,-15 %,"9,20",Sin valoracion,Sin valoraciones
89,Perfumes de hombre,Ajmal,Mosha'a,Eau de Parfum unisex 50 ml,"26,62€",-15 %,"14,30",4,1
90,Perfumes de hombre,Armaf,Radical,Eau de Parfum para hombre 100 ml,"45,00€",-15 %,"25,80",4,1
91,Perfumes de hombre,Reminiscence,Patchouli,Eau de Toilette unisex,"118,00€",-15 %,"42,50",4.1,10
92,Perfumes de hombre,Reminiscence,Patchouli Blanc,Eau de Parfum unisex,Es el precio con desc,-15 %,"44,20",Sin valoracion,Sin valoraciones
93,Perfumes de hombre,Reminiscence,Patchouli Elixir,Eau de Parfum unisex,"102,00€",-15 %,"44,20",5,2
94,Perfumes de hombre,Dsquared2,Wood Pour Homme,Eau de Toilette para hombre,Es el precio con desc,-15 %,"35,00",Sin valoracion,Sin valoraciones
95,Perfumes de hombre,Police,Gentleman,Eau de Toilette para hombre 100 ml,Es el precio con desc,-15 %,"14,30",Sin valoracion,Sin valoraciones
96,Perfumes de hombre,Molinard,Figue,Eau de Parfum unisex 75 ml,Es el precio con desc,-15 %,"70,00",Sin valoracion,Sin valoraciones
97,Perfumes de hombre,Ajmal,Musk Khas,perfume unisex 3 ml,"23,10€",-15 %,"15,20",5,2
98,Perfumes de hombre,Dolce&Gabbana,The One for Men Intense,Eau de Parfum para hombre,"126,00€",-15 %,"102,20",4,1
99,Perfumes de hombre,Rasasi,Nebras Al Ishq Wahaj,aceite perfumado unisex 6 ml,Es el precio con desc,-15 %,"46,60",Sin valoracion,Sin valoraciones
100,Perfumes de hombre,Rasasi,Nebras Al Ishq Shorouk,aceite perfumado para mujer 6 ml,"98,00€",-15 %,"47,20",5,1
101,Perfumes de hombre,Maison Margiela,REPLICA Coffee Break,Eau de Toilette unisex,Es el precio con desc,Sin descuento,"61,10",Sin valoracion,Sin valoraciones
102,Perfumes de hombre,Lalique,Noir Premier Illusion Captive,Eau de Parfum unisex 100 ml,Es el precio con desc,-15 %,"95,60",Sin valoracion,Sin valoraciones
103,Perfumes de hombre,The Library of Fragrance,Destination Collection Cuba,agua de colonia unisex 30 ml,Es el precio con desc,-15 %,"13,60",Sin valoracion,Sin valoraciones
104,Perfumes de hombre,Yves Saint Laurent,Y Eau Fraîche,eau fraiche para hombre,"79,00€",-15 %,"67,10",5,1
105,Perfumes de hombre,Chopard,Gardens of the Paradise Orange Mauresque,Eau de Parfum unisex 100 ml,"336,00€",-15 %,"268,80",4.5,2
106,Perfumes de hombre,Paco Rabanne,1 Million Parfum,perfume para hombre,Es el precio con desc,Sin descuento,"54,00",Sin valoracion,Sin valoraciones
107,Perfumes de hombre,The Library of Fragrance,Thunderstorm,agua de colonia unisex 30 ml,Es el precio con desc,Sin descuento,"12,80",Sin valoracion,Sin valoraciones
108,Perfumes de hombre,GUERLAIN,Les Absolus d'Orient Oud Essentiel,Eau de Parfum unisex 125 ml,"171,40€",Sin descuento,"156,40",5,1
109,Perfumes de hombre,GUERLAIN,Les Absolus d'Orient Patchouli Ardent,Eau de Parfum unisex 125 ml,"155,00€",Sin descuento,"139,50",5,2
110,Perfumes de hombre,GUERLAIN,Les Absolus d'Orient Musc Noble,Eau de Parfum unisex 125 ml,"219,07€",Sin descuento,"133,00",5,3
111,Perfumes de hombre,GUERLAIN,Les Absolus d'Orient Encens Mythique,Eau de Parfum unisex 125 ml,Es el precio con desc,Sin descuento,"141,80",Sin valoracion,Sin valoraciones
112,Perfumes de hombre,Missoni,Parfum Pour Homme,Eau de Parfum para hombre,"79,00€",-15 %,"32,90",4.3,11
113,Perfumes de hombre,Tommy Hilfiger,Impact,Eau de Toilette para hombre,Es el precio con desc,-15 %,"41,80",Sin valoracion,Sin valoraciones
114,Perfumes de hombre,Dsquared2,Green Wood,Eau de Toilette para hombre,Es el precio con desc,-15 %,"35,00",Sin valoracion,Sin valoraciones
115,Perfumes de hombre,NOVELLISTA,Velvet Dusk,Eau de Parfum unisex,Es el precio con desc,-15 %,"34,00",Sin valoracion,Sin valoraciones
116,Perfumes de hombre,NOVELLISTA,Deep Moon,Eau de Parfum para hombre,Es el precio con desc,-15 %,"30,60",Sin valoracion,Sin valoraciones
117,Perfumes de hombre,Cuba,Original Gold,Eau de Toilette para hombre,"6,60€",-15 %,"4,70",4.3,10
118,Perfumes de hombre,Parfums De Marly,Layton Exclusif,Eau de Parfum unisex,Es el precio con desc,Sin descuento,"235,00",Sin valoracion,Sin valoraciones
119,Perfumes de hombre,Montblanc,Legend,Eau de Parfum para hombre,"94,50€",-15 %,"44,00",5,1
120,Perfumes de hombre,Bentley,For Men Intense,Eau de Parfum para hombre 100 ml,"89,00€",-15 %,"29,50",4.5,122
121,Perfumes de hombre,Lattafa,Badee Al Oud Oud For Glory,Eau de Parfum unisex 100 ml,"27,70€",Sin descuento,"26,00",4.4,12
122,Perfumes de hombre,Lattafa,Fakhar Lattafa Men,Eau de Parfum para hombre 100 ml,"36,70€",-15 %,"18,30",4.2,9
123,Perfumes de hombre,Lattafa,Ameer Al Oudh Intense Oud,Eau de Parfum unisex 100 ml,"33,70€",-15 %,"20,80",4.3,25
124,Perfumes de hombre,Lattafa,Asad,Eau de Parfum para hombre 100 ml,"60,10€",-15 %,"25,50",4.6,19
125,Perfumes de hombre,Lattafa,Qaed Al Fursan,Eau de Parfum unisex 90 ml,"28,00€",-15 %,"18,20",4.4,18
126,Perfumes de hombre,Afnan,Supremacy Not Only Intense,extracto de perfume para hombre 100 ml,Es el precio con desc,-15 %,"49,90",Sin valoracion,Sin valoraciones
127,Perfumes de hombre,Lattafa,Badee Al Oud Ametyst,Eau de Parfum para mujer 100 ml,"49,50€",-15 %,"32,00",4.2,23
128,Perfumes de hombre,Al Haramain,Détour noir,Eau de Parfum para hombre 100 ml,"59,30€",-15 %,"31,70",4.4,16
129,Perfumes de hombre,Rasasi,Daarej Pour Homme,Eau de Parfum para hombre 100 ml,"34,80€",-15 %,"17,80",4.3,53
130,Perfumes de hombre,Lattafa,Sheikh Al Shuyukh Luxe Edition,Eau de Parfum unisex 100 ml,"27,30€",-15 %,"18,20",4.6,27
131,Perfumes de hombre,Afnan,Turathi Blue Homme,Eau de Parfum para hombre 90 ml,"37,20€",-15 %,"34,90",4.6,44
132,Perfumes de hombre,Lattafa,Opulent Red,Eau de Parfum unisex 100 ml,"32,80€",-15 %,"18,10",4.7,29
133,Perfumes de hombre,Rasasi,Shuhrah Pour Homme,Eau de Parfum para hombre 90 ml,"47,80€",-15 %,"24,70",4.3,129
134,Perfumes de hombre,Al Haramain,Amber Oud Gold Edition,Eau de Parfum unisex 60 ml,"104,22€",-15 %,"54,50",4.9,17
135,Perfumes de hombre,Afnan,9 PM,Eau de Parfum para hombre 100 ml,Es el precio con desc,-15 %,"41,10",Sin valoracion,Sin valoraciones
136,Perfumes de hombre,Lattafa,Pride Ishq Al Shuyukh Gold,Eau de Parfum unisex 100 ml,Es el precio con desc,-15 %,"56,00",Sin valoracion,Sin valoraciones
137,Perfumes de hombre,Al Haramain,Amber Oud Tobacco Edition,Eau de Parfum unisex 60 ml,"96,03€",-15 %,"54,30",4.6,28
138,Perfumes de hombre,Al Haramain,L'Aventure,Eau de Parfum para hombre,"21,20€",Sin descuento,"19,90",4.3,18
139,Perfumes de hombre,Just Jack,Tobacco Leaf,Eau de Parfum unisex,"27,49€",-15 %,"11,50",4.7,22
140,Perfumes de hombre,Lalique,Encre Noire A L'Extreme,Eau de Parfum para hombre 100 ml,"123,00€",-15 %,"29,80",4.4,40
141,Perfumes de hombre,Lattafa,Opulent Oud,Eau de Parfum unisex 100 ml,"28,40€",-15 %,"22,90",4.7,10
142,Perfumes de hombre,Rasasi,Fattan Pour Homme,Eau de Parfum para hombre 50 ml,"28,40€",-15 %,"14,50",4.4,29
143,Perfumes de hombre,Lattafa,Malik Al Tayoor Concentrated,Eau de Parfum unisex 100 ml,"26,50€",-15 %,"14,90",4.2,4
144,Perfumes de hombre,Bentley,For Men Intense,Eau de Parfum para hombre 100 ml,"89,00€",-15 %,"29,50",4.5,123
145,Perfumes de hombre,Lattafa,Badee Al Oud Oud For Glory,Eau de Parfum unisex 100 ml,"27,70€",Sin descuento,"26,00",4.4,12
146,Perfumes de hombre,Lattafa,Fakhar Lattafa Men,Eau de Parfum para hombre 100 ml,"36,70€",-15 %,"18,30",4.2,9
147,Perfumes de hombre,Lattafa,Ameer Al Oudh Intense Oud,Eau de Parfum unisex 100 ml,"33,70€",-15 %,"20,80",4.3,25
148,Perfumes de hombre,Lattafa,Asad,Eau de Parfum para hombre 100 ml,"60,10€",-15 %,"25,50",4.6,19
149,Perfumes de hombre,Lattafa,Qaed Al Fursan,Eau de Parfum unisex 90 ml,"28,00€",-15 %,"18,20",4.4,18
150,Perfumes de hombre,Afnan,Supremacy Not Only Intense,extracto de perfume para hombre 100 ml,Es el precio con desc,-15 %,"49,90",Sin valoracion,Sin valoraciones
151,Perfumes de hombre,Lattafa,Badee Al Oud Ametyst,Eau de Parfum para mujer 100 ml,"49,50€",-15 %,"32,00",4.2,23
152,Perfumes de hombre,Al Haramain,Détour noir,Eau de Parfum para hombre 100 ml,"59,30€",-15 %,"31,70",4.4,16
153,Perfumes de hombre,Rasasi,Daarej Pour Homme,Eau de Parfum para hombre 100 ml,"34,80€",-15 %,"17,80",4.3,53
154,Perfumes de hombre,Lattafa,Sheikh Al Shuyukh Luxe Edition,Eau de Parfum unisex 100 ml,"27,30€",-15 %,"18,20",4.6,27
155,Perfumes de hombre,Afnan,Turathi Blue Homme,Eau de Parfum para hombre 90 ml,"37,20€",-15 %,"34,90",4.6,44
156,Perfumes de hombre,Lattafa,Opulent Red,Eau de Parfum unisex 100 ml,"32,80€",-15 %,"18,10",4.7,29
157,Perfumes de hombre,Rasasi,Shuhrah Pour Homme,Eau de Parfum para hombre 90 ml,"47,80€",-15 %,"24,70",4.3,129
158,Perfumes de hombre,Al Haramain,Amber Oud Gold Edition,Eau de Parfum unisex 60 ml,"104,22€",-15 %,"54,50",4.9,17
159,Perfumes de hombre,Afnan,9 PM,Eau de Parfum para hombre 100 ml,Es el precio con desc,-15 %,"41,10",Sin valoracion,Sin valoraciones
160,Perfumes de hombre,Lattafa,Pride Ishq Al Shuyukh Gold,Eau de Parfum unisex 100 ml,Es el precio con desc,-15 %,"56,00",Sin valoracion,Sin valoraciones
161,Perfumes de hombre,Al Haramain,Amber Oud Tobacco Edition,Eau de Parfum unisex 60 ml,"96,03€",-15 %,"54,30",4.6,28
162,Perfumes de hombre,Al Haramain,L'Aventure,Eau de Parfum para hombre,"21,20€",Sin descuento,"19,90",4.3,18
163,Perfumes de hombre,Just Jack,Tobacco Leaf,Eau de Parfum unisex,"27,49€",-15 %,"11,50",4.7,22
164,Perfumes de hombre,Lalique,Encre Noire A L'Extreme,Eau de Parfum para hombre 100 ml,"123,00€",-15 %,"29,80",4.4,40
165,Perfumes de hombre,Lattafa,Opulent Oud,Eau de Parfum unisex 100 ml,"28,40€",-15 %,"22,90",4.7,10
166,Perfumes de hombre,Rasasi,Fattan Pour Homme,Eau de Parfum para hombre 50 ml,"28,40€",-15 %,"14,50",4.4,29
167,Perfumes de hombre,Lattafa,Malik Al Tayoor Concentrated,Eau de Parfum unisex 100 ml,"26,50€",-15 %,"14,90",4.2,4
168,Perfumes de hombre,Bentley,For Men Intense,Eau de Parfum para hombre 100 ml,"89,00€",-15 %,"29,50",4.5,123
169,Perfumes de hombre,Lattafa,Badee Al Oud Oud For Glory,Eau de Parfum unisex 100 ml,"27,70€",Sin descuento,"26,00",4.4,12
170,Perfumes de hombre,Lattafa,Fakhar Lattafa Men,Eau de Parfum para hombre 100 ml,"36,70€",-15 %,"18,30",4.2,9
171,Perfumes de hombre,Lattafa,Ameer Al Oudh Intense Oud,Eau de Parfum unisex 100 ml,"33,70€",-15 %,"20,80",4.3,25
172,Perfumes de hombre,Lattafa,Asad,Eau de Parfum para hombre 100 ml,"60,10€",-15 %,"25,50",4.6,19
173,Perfumes de hombre,Lattafa,Qaed Al Fursan,Eau de Parfum unisex 90 ml,"28,00€",-15 %,"18,20",4.4,18
174,Perfumes de hombre,Afnan,Supremacy Not Only Intense,extracto de perfume para hombre 100 ml,Es el precio con desc,-15 %,"49,90",Sin valoracion,Sin valoraciones
175,Perfumes de hombre,Lattafa,Badee Al Oud Ametyst,Eau de Parfum para mujer 100 ml,"49,50€",-15 %,"32,00",4.2,23
176,Perfumes de hombre,Al Haramain,Détour noir,Eau de Parfum para hombre 100 ml,"59,30€",-15 %,"31,70",4.4,16
177,Perfumes de hombre,Rasasi,Daarej Pour Homme,Eau de Parfum para hombre 100 ml,"34,80€",-15 %,"17,80",4.3,53
178,Perfumes de hombre,Lattafa,Sheikh Al Shuyukh Luxe Edition,Eau de Parfum unisex 100 ml,"27,30€",-15 %,"18,20",4.6,27
179,Perfumes de hombre,Afnan,Turathi Blue Homme,Eau de Parfum para hombre 90 ml,"37,20€",-15 %,"34,90",4.6,44
180,Perfumes de hombre,Lattafa,Opulent Red,Eau de Parfum unisex 100 ml,"32,80€",-15 %,"18,10",4.7,29
181,Perfumes de hombre,Rasasi,Shuhrah Pour Homme,Eau de Parfum para hombre 90 ml,"47,80€",-15 %,"24,70",4.3,129
182,Perfumes de hombre,Al Haramain,Amber Oud Gold Edition,Eau de Parfum unisex 60 ml,"104,22€",-15 %,"54,50",4.9,17
183,Perfumes de hombre,Afnan,9 PM,Eau de Parfum para hombre 100 ml,Es el precio con desc,-15 %,"41,10",Sin valoracion,Sin valoraciones
184,Perfumes de hombre,Lattafa,Pride Ishq Al Shuyukh Gold,Eau de Parfum unisex 100 ml,Es el precio con desc,-15 %,"56,00",Sin valoracion,Sin valoraciones
185,Perfumes de hombre,Al Haramain,Amber Oud Tobacco Edition,Eau de Parfum unisex 60 ml,"96,03€",-15 %,"54,30",4.6,28
186,Perfumes de hombre,Al Haramain,L'Aventure,Eau de Parfum para hombre,"21,20€",Sin descuento,"19,90",4.3,18
187,Perfumes de hombre,Just Jack,Tobacco Leaf,Eau de Parfum unisex,"27,49€",-15 %,"11,50",4.7,22
188,Perfumes de hombre,Lalique,Encre Noire A L'Extreme,Eau de Parfum para hombre 100 ml,"123,00€",-15 %,"29,80",4.4,40
189,Perfumes de hombre,Lattafa,Opulent Oud,Eau de Parfum unisex 100 ml,"28,40€",-15 %,"22,90",4.7,10
190,Perfumes de hombre,Rasasi,Fattan Pour Homme,Eau de Parfum para hombre 50 ml,"28,40€",-15 %,"14,50",4.4,29
191,Perfumes de hombre,Lattafa,Malik Al Tayoor Concentrated,Eau de Parfum unisex 100 ml,"26,50€",-15 %,"14,90",4.2,4
192,Perfumes de hombre,Bentley,For Men Intense,Eau de Parfum para hombre 100 ml,"89,00€",-15 %,"29,50",4.5,123
193,Perfumes de hombre,Lattafa,Badee Al Oud Oud For Glory,Eau de Parfum unisex 100 ml,"27,70€",Sin descuento,"26,00",4.4,12
194,Perfumes de hombre,Lattafa,Fakhar Lattafa Men,Eau de Parfum para hombre 100 ml,"36,70€",-15 %,"18,30",4.2,9
195,Perfumes de hombre,Lattafa,Ameer Al Oudh Intense Oud,Eau de Parfum unisex 100 ml,"33,70€",-15 %,"20,80",4.3,25
196,Perfumes de hombre,Lattafa,Asad,Eau de Parfum para hombre 100 ml,"60,10€",-15 %,"25,50",4.6,19
197,Perfumes de hombre,Lattafa,Qaed Al Fursan,Eau de Parfum unisex 90 ml,"28,00€",-15 %,"18,20",4.4,18
198,Perfumes de hombre,Afnan,Supremacy Not Only Intense,extracto de perfume para hombre 100 ml,Es el precio con desc,-15 %,"49,90",Sin valoracion,Sin valoraciones
199,Perfumes de hombre,Lattafa,Badee Al Oud Ametyst,Eau de Parfum para mujer 100 ml,"49,50€",-15 %,"32,00",4.2,23
200,Perfumes de hombre,Al Haramain,Détour noir,Eau de Parfum para hombre 100 ml,"59,30€",-15 %,"31,70",4.4,16
201,Perfumes de hombre,Rasasi,Daarej Pour Homme,Eau de Parfum para hombre 100 ml,"34,80€",-15 %,"17,80",4.3,53
202,Perfumes de hombre,Lattafa,Sheikh Al Shuyukh Luxe Edition,Eau de Parfum unisex 100 ml,"27,30€",-15 %,"18,20",4.6,27
203,Perfumes de hombre,Afnan,Turathi Blue Homme,Eau de Parfum para hombre 90 ml,"37,20€",-15 %,"34,90",4.6,44
204,Perfumes de hombre,Lattafa,Opulent Red,Eau de Parfum unisex 100 ml,"32,80€",-15 %,"18,10",4.7,29
205,Perfumes de hombre,Rasasi,Shuhrah Pour Homme,Eau de Parfum para hombre 90 ml,"47,80€",-15 %,"24,70",4.3,129
206,Perfumes de hombre,Al Haramain,Amber Oud Gold Edition,Eau de Parfum unisex 60 ml,"104,22€",-15 %,"54,50",4.9,17
207,Perfumes de hombre,Afnan,9 PM,Eau de Parfum para hombre 100 ml,Es el precio con desc,-15 %,"41,10",Sin valoracion,Sin valoraciones
208,Perfumes de hombre,Lattafa,Pride Ishq Al Shuyukh Gold,Eau de Parfum unisex 100 ml,Es el precio con desc,-15 %,"56,00",Sin valoracion,Sin valoraciones
209,Perfumes de hombre,Al Haramain,Amber Oud Tobacco Edition,Eau de Parfum unisex 60 ml,"96,03€",-15 %,"54,30",4.6,28
210,Perfumes de hombre,Al Haramain,L'Aventure,Eau de Parfum para hombre,"21,20€",Sin descuento,"19,90",4.3,18
211,Perfumes de hombre,Just Jack,Tobacco Leaf,Eau de Parfum unisex,"27,49€",-15 %,"11,50",4.7,22
212,Perfumes de hombre,Lalique,Encre Noire A L'Extreme,Eau de Parfum para hombre 100 ml,"123,00€",-15 %,"29,80",4.4,40
213,Perfumes de hombre,Lattafa,Opulent Oud,Eau de Parfum unisex 100 ml,"28,40€",-15 %,"22,90",4.7,10
214,Perfumes de hombre,Rasasi,Fattan Pour Homme,Eau de Parfum para hombre 50 ml,"28,40€",-15 %,"14,50",4.4,29
215,Perfumes de hombre,Lattafa,Malik Al Tayoor Concentrated,Eau de Parfum unisex 100 ml,"26,50€",-15 %,"14,90",4.2,4
216,Perfumes de hombre,Afnan,Supremacy Not Only Intense,extracto de perfume para hombre 100 ml,Es el precio con desc,-15 %,"49,90",Sin valoracion,Sin valoraciones
217,Perfumes de hombre,Lattafa,Pride Eternal Oud,Eau de Parfum unisex 100 ml,Es el precio con desc,-15 %,"56,00",Sin valoracion,Sin valoraciones
218,Perfumes de hombre,Lattafa,Badee Al Oud Oud For Glory,Eau de Parfum unisex 100 ml,"27,70€",Sin descuento,"26,00",4.4,12
219,Perfumes de hombre,Bentley,For Men Intense,Eau de Parfum para hombre 100 ml,"89,00€",-15 %,"29,50",4.5,123
220,Perfumes de hombre,Lattafa,Fakhar Lattafa Men,Eau de Parfum para hombre 100 ml,"36,70€",-15 %,"18,30",4.2,9
221,Perfumes de hombre,Lattafa,Ameer Al Oudh Intense Oud,Eau de Parfum unisex 100 ml,"33,70€",-15 %,"20,80",4.3,25
222,Perfumes de hombre,Versace,Eros Flame,Eau de Parfum para hombre,"53,00€",Sin descuento,"49,80",4.5,6
223,Perfumes de hombre,Lattafa,Asad,Eau de Parfum para hombre 100 ml,"60,10€",-15 %,"25,50",4.6,19
224,Perfumes de hombre,Lattafa,Qaed Al Fursan,Eau de Parfum unisex 90 ml,"28,00€",-15 %,"18,20",4.4,18
225,Perfumes de hombre,Carolina Herrera,212 VIP Black,Eau de Parfum para hombre,Es el precio con desc,Sin descuento,"48,00",Sin valoracion,Sin valoraciones
226,Perfumes de hombre,Lattafa,Badee Al Oud Ametyst,Eau de Parfum para mujer 100 ml,"49,50€",-15 %,"32,00",4.2,23
227,Perfumes de hombre,Al Haramain,Détour noir,Eau de Parfum para hombre 100 ml,"59,30€",-15 %,"31,70",4.4,16
228,Perfumes de hombre,Afnan,Supremacy In Oud,Eau de Parfum unisex 100 ml,"51,20€",-15 %,"46,10",4.5,2
229,Perfumes de hombre,Afnan,Supremacy Silver,Eau de Parfum para hombre 100 ml,Es el precio con desc,-15 %,"37,20",Sin valoracion,Sin valoraciones
230,Perfumes de hombre,Lattafa,Sheikh Al Shuyukh Luxe Edition,Eau de Parfum unisex 100 ml,"27,30€",-15 %,"18,20",4.6,27
231,Perfumes de hombre,Rasasi,Daarej Pour Homme,Eau de Parfum para hombre 100 ml,"34,80€",-15 %,"17,80",4.3,53
232,Perfumes de hombre,Lattafa,Opulent Red,Eau de Parfum unisex 100 ml,"32,80€",-15 %,"18,10",4.7,29
233,Perfumes de hombre,Afnan,Turathi Blue Homme,Eau de Parfum para hombre 90 ml,"37,20€",-15 %,"34,90",4.6,44
234,Perfumes de hombre,Al Haramain,Amber Oud Gold Edition,Eau de Parfum unisex 60 ml,"104,22€",-15 %,"54,50",4.9,17
235,Perfumes de hombre,Rasasi,Shuhrah Pour Homme,Eau de Parfum para hombre 90 ml,"47,80€",-15 %,"24,70",4.3,129
236,Perfumes de hombre,Lattafa,Pride Ishq Al Shuyukh Gold,Eau de Parfum unisex 100 ml,Es el precio con desc,-15 %,"56,00",Sin valoracion,Sin valoraciones
237,Perfumes de hombre,Afnan,9 PM,Eau de Parfum para hombre 100 ml,Es el precio con desc,-15 %,"41,10",Sin valoracion,Sin valoraciones
238,Perfumes de hombre,Al Haramain,Amber Oud Tobacco Edition,Eau de Parfum unisex 60 ml,"96,03€",-15 %,"54,30",4.6,28
239,Perfumes de hombre,Versace,Pour Homme Oud Noir,Eau de Parfum para hombre 100 ml,Es el precio con desc,-15 %,"110,00",Sin valoracion,Sin valoraciones
240,Perfumes de hombre,Afnan,Supremacy Not Only Intense,extracto de perfume para hombre 100 ml,Es el precio con desc,-15 %,"49,90",Sin valoracion,Sin valoraciones
241,Perfumes de hombre,Lattafa,Pride Eternal Oud,Eau de Parfum unisex 100 ml,Es el precio con desc,-15 %,"56,00",Sin valoracion,Sin valoraciones
242,Perfumes de hombre,Lattafa,Badee Al Oud Oud For Glory,Eau de Parfum unisex 100 ml,"27,70€",Sin descuento,"26,00",4.4,12
243,Perfumes de hombre,Bentley,For Men Intense,Eau de Parfum para hombre 100 ml,"89,00€",-15 %,"29,50",4.5,123
244,Perfumes de hombre,Lattafa,Fakhar Lattafa Men,Eau de Parfum para hombre 100 ml,"36,70€",-15 %,"18,30",4.2,9
245,Perfumes de hombre,Lattafa,Ameer Al Oudh Intense Oud,Eau de Parfum unisex 100 ml,"33,70€",-15 %,"20,80",4.3,25
246,Perfumes de hombre,Versace,Eros Flame,Eau de Parfum para hombre,"53,00€",Sin descuento,"49,80",4.5,6
247,Perfumes de hombre,Lattafa,Asad,Eau de Parfum para hombre 100 ml,"60,10€",-15 %,"25,50",4.6,19
248,Perfumes de hombre,Lattafa,Qaed Al Fursan,Eau de Parfum unisex 90 ml,"28,00€",-15 %,"18,20",4.4,18
249,Perfumes de hombre,Carolina Herrera,212 VIP Black,Eau de Parfum para hombre,Es el precio con desc,Sin descuento,"48,00",Sin valoracion,Sin valoraciones
250,Perfumes de hombre,Lattafa,Badee Al Oud Ametyst,Eau de Parfum para mujer 100 ml,"49,50€",-15 %,"32,00",4.2,23
251,Perfumes de hombre,Al Haramain,Détour noir,Eau de Parfum para hombre 100 ml,"59,30€",-15 %,"31,70",4.4,16
252,Perfumes de hombre,Afnan,Supremacy In Oud,Eau de Parfum unisex 100 ml,"51,20€",-15 %,"46,10",4.5,2
253,Perfumes de hombre,Afnan,Supremacy Silver,Eau de Parfum para hombre 100 ml,Es el precio con desc,-15 %,"37,20",Sin valoracion,Sin valoraciones
254,Perfumes de hombre,Lattafa,Sheikh Al Shuyukh Luxe Edition,Eau de Parfum unisex 100 ml,"27,30€",-15 %,"18,20",4.6,27
255,Perfumes de hombre,Rasasi,Daarej Pour Homme,Eau de Parfum para hombre 100 ml,"34,80€",-15 %,"17,80",4.3,53
256,Perfumes de hombre,Lattafa,Opulent Red,Eau de Parfum unisex 100 ml,"32,80€",-15 %,"18,10",4.7,29
257,Perfumes de hombre,Afnan,Turathi Blue Homme,Eau de Parfum para hombre 90 ml,"37,20€",-15 %,"34,90",4.6,44
258,Perfumes de hombre,Al Haramain,Amber Oud Gold Edition,Eau de Parfum unisex 60 ml,"104,22€",-15 %,"54,50",4.9,17
259,Perfumes de hombre,Rasasi,Shuhrah Pour Homme,Eau de Parfum para hombre 90 ml,"47,80€",-15 %,"24,70",4.3,129
260,Perfumes de hombre,Lattafa,Pride Ishq Al Shuyukh Gold,Eau de Parfum unisex 100 ml,Es el precio con desc,-15 %,"56,00",Sin valoracion,Sin valoraciones
261,Perfumes de hombre,Afnan,9 PM,Eau de Parfum para hombre 100 ml,Es el precio con desc,-15 %,"41,10",Sin valoracion,Sin valoraciones
262,Perfumes de hombre,Al Haramain,Amber Oud Tobacco Edition,Eau de Parfum unisex 60 ml,"96,03€",-15 %,"54,30",4.6,28
263,Perfumes de hombre,Versace,Pour Homme Oud Noir,Eau de Parfum para hombre 100 ml,Es el precio con desc,-15 %,"110,00",Sin valoracion,Sin valoraciones
264,Perfumes de hombre,Afnan,Supremacy Not Only Intense,extracto de perfume para hombre 100 ml,Es el precio con desc,-15 %,"49,90",Sin valoracion,Sin valoraciones
265,Perfumes de hombre,Lattafa,Pride Eternal Oud,Eau de Parfum unisex 100 ml,Es el precio con desc,-15 %,"56,00",Sin valoracion,Sin valoraciones
266,Perfumes de hombre,Lattafa,Badee Al Oud Oud For Glory,Eau de Parfum unisex 100 ml,"27,70€",Sin descuento,"26,00",4.4,12
267,Perfumes de hombre,Bentley,For Men Intense,Eau de Parfum para hombre 100 ml,"89,00€",-15 %,"29,50",4.5,123
268,Perfumes de hombre,Lattafa,Fakhar Lattafa Men,Eau de Parfum para hombre 100 ml,"36,70€",-15 %,"18,30",4.2,9
269,Perfumes de hombre,Lattafa,Ameer Al Oudh Intense Oud,Eau de Parfum unisex 100 ml,"33,70€",-15 %,"20,80",4.3,25
270,Perfumes de hombre,Versace,Eros Flame,Eau de Parfum para hombre,"53,00€",Sin descuento,"49,80",4.5,6
271,Perfumes de hombre,Lattafa,Asad,Eau de Parfum para hombre 100 ml,"60,10€",-15 %,"25,50",4.6,19
272,Perfumes de hombre,Lattafa,Qaed Al Fursan,Eau de Parfum unisex 90 ml,"28,00€",-15 %,"18,20",4.4,18
273,Perfumes de hombre,Carolina Herrera,212 VIP Black,Eau de Parfum para hombre,Es el precio con desc,Sin descuento,"48,00",Sin valoracion,Sin valoraciones
274,Perfumes de hombre,Lattafa,Badee Al Oud Ametyst,Eau de Parfum para mujer 100 ml,"49,50€",-15 %,"32,00",4.2,23
275,Perfumes de hombre,Al Haramain,Détour noir,Eau de Parfum para hombre 100 ml,"59,30€",-15 %,"31,70",4.4,16
276,Perfumes de hombre,Afnan,Supremacy In Oud,Eau de Parfum unisex 100 ml,"51,20€",-15 %,"46,10",4.5,2
277,Perfumes de hombre,Afnan,Supremacy Silver,Eau de Parfum para hombre 100 ml,Es el precio con desc,-15 %,"37,20",Sin valoracion,Sin valoraciones
278,Perfumes de hombre,Lattafa,Sheikh Al Shuyukh Luxe Edition,Eau de Parfum unisex 100 ml,"27,30€",-15 %,"18,20",4.6,27
279,Perfumes de hombre,Rasasi,Daarej Pour Homme,Eau de Parfum para hombre 100 ml,"34,80€",-15 %,"17,80",4.3,53
280,Perfumes de hombre,Lattafa,Opulent Red,Eau de Parfum unisex 100 ml,"32,80€",-15 %,"18,10",4.7,29
281,Perfumes de hombre,Afnan,Turathi Blue Homme,Eau de Parfum para hombre 90 ml,"37,20€",-15 %,"34,90",4.6,44
282,Perfumes de hombre,Al Haramain,Amber Oud Gold Edition,Eau de Parfum unisex 60 ml,"104,22€",-15 %,"54,50",4.9,17
283,Perfumes de hombre,Rasasi,Shuhrah Pour Homme,Eau de Parfum para hombre 90 ml,"47,80€",-15 %,"24,70",4.3,129
284,Perfumes de hombre,Lattafa,Pride Ishq Al Shuyukh Gold,Eau de Parfum unisex 100 ml,Es el precio con desc,-15 %,"56,00",Sin valoracion,Sin valoraciones
285,Perfumes de hombre,Afnan,9 PM,Eau de Parfum para hombre 100 ml,Es el precio con desc,-15 %,"41,10",Sin valoracion,Sin valoraciones
286,Perfumes de hombre,Al Haramain,Amber Oud Tobacco Edition,Eau de Parfum unisex 60 ml,"96,03€",-15 %,"54,30",4.6,28
287,Perfumes de hombre,Versace,Pour Homme Oud Noir,Eau de Parfum para hombre 100 ml,Es el precio con desc,-15 %,"110,00",Sin valoracion,Sin valoraciones
288,Perfumes de hombre,Afnan,Supremacy Not Only Intense,extracto de perfume para hombre 100 ml,Es el precio con desc,-15 %,"49,90",Sin valoracion,Sin valoraciones
289,Perfumes de hombre,Lattafa,Pride Eternal Oud,Eau de Parfum unisex 100 ml,Es el precio con desc,-15 %,"56,00",Sin valoracion,Sin valoraciones
290,Perfumes de hombre,Lattafa,Badee Al Oud Oud For Glory,Eau de Parfum unisex 100 ml,"27,70€",Sin descuento,"26,00",4.4,12
291,Perfumes de hombre,Bentley,For Men Intense,Eau de Parfum para hombre 100 ml,"89,00€",-15 %,"29,50",4.5,123
292,Perfumes de hombre,Lattafa,Fakhar Lattafa Men,Eau de Parfum para hombre 100 ml,"36,70€",-15 %,"18,30",4.2,9
293,Perfumes de hombre,Lattafa,Ameer Al Oudh Intense Oud,Eau de Parfum unisex 100 ml,"33,70€",-15 %,"20,80",4.3,25
294,Perfumes de hombre,Versace,Eros Flame,Eau de Parfum para hombre,"53,00€",Sin descuento,"49,80",4.5,6
295,Perfumes de hombre,Lattafa,Asad,Eau de Parfum para hombre 100 ml,"60,10€",-15 %,"25,50",4.6,19
296,Perfumes de hombre,Lattafa,Qaed Al Fursan,Eau de Parfum unisex 90 ml,"28,00€",-15 %,"18,20",4.4,18
297,Perfumes de hombre,Carolina Herrera,212 VIP Black,Eau de Parfum para hombre,Es el precio con desc,Sin descuento,"48,00",Sin valoracion,Sin valoraciones
298,Perfumes de hombre,Lattafa,Badee Al Oud Ametyst,Eau de Parfum para mujer 100 ml,"49,50€",-15 %,"32,00",4.2,23
299,Perfumes de hombre,Al Haramain,Détour noir,Eau de Parfum para hombre 100 ml,"59,30€",-15 %,"31,70",4.4,16
300,Perfumes de hombre,Afnan,Supremacy In Oud,Eau de Parfum unisex 100 ml,"51,20€",-15 %,"46,10",4.5,2
301,Perfumes de hombre,Afnan,Supremacy Silver,Eau de Parfum para hombre 100 ml,Es el precio con desc,-15 %,"37,20",Sin valoracion,Sin valoraciones
302,Perfumes de hombre,Lattafa,Sheikh Al Shuyukh Luxe Edition,Eau de Parfum unisex 100 ml,"27,30€",-15 %,"18,20",4.6,27
303,Perfumes de hombre,Rasasi,Daarej Pour Homme,Eau de Parfum para hombre 100 ml,"34,80€",-15 %,"17,80",4.3,53
304,Perfumes de hombre,Lattafa,Opulent Red,Eau de Parfum unisex 100 ml,"32,80€",-15 %,"18,10",4.7,29
305,Perfumes de hombre,Afnan,Turathi Blue Homme,Eau de Parfum para hombre 90 ml,"37,20€",-15 %,"34,90",4.6,44
306,Perfumes de hombre,Al Haramain,Amber Oud Gold Edition,Eau de Parfum unisex 60 ml,"104,22€",-15 %,"54,50",4.9,17
307,Perfumes de hombre,Rasasi,Shuhrah Pour Homme,Eau de Parfum para hombre 90 ml,"47,80€",-15 %,"24,70",4.3,129
308,Perfumes de hombre,Lattafa,Pride Ishq Al Shuyukh Gold,Eau de Parfum unisex 100 ml,Es el precio con desc,-15 %,"56,00",Sin valoracion,Sin valoraciones
309,Perfumes de hombre,Afnan,9 PM,Eau de Parfum para hombre 100 ml,Es el precio con desc,-15 %,"41,10",Sin valoracion,Sin valoraciones
310,Perfumes de hombre,Al Haramain,Amber Oud Tobacco Edition,Eau de Parfum unisex 60 ml,"96,03€",-15 %,"54,30",4.6,28
311,Perfumes de hombre,Versace,Pour Homme Oud Noir,Eau de Parfum para hombre 100 ml,Es el precio con desc,-15 %,"110,00",Sin valoracion,Sin valoraciones
312,Perfumes de hombre,Afnan,Supremacy Not Only Intense,extracto de perfume para hombre 100 ml,Es el precio con desc,-15 %,"49,90",Sin valoracion,Sin valoraciones
313,Perfumes de hombre,Lattafa,Pride Eternal Oud,Eau de Parfum unisex 100 ml,Es el precio con desc,-15 %,"56,00",Sin valoracion,Sin valoraciones
314,Perfumes de hombre,Lattafa,Badee Al Oud Oud For Glory,Eau de Parfum unisex 100 ml,"27,70€",Sin descuento,"26,00",4.4,12
315,Perfumes de hombre,Bentley,For Men Intense,Eau de Parfum para hombre 100 ml,"89,00€",-15 %,"29,50",4.5,123
316,Perfumes de hombre,Lattafa,Fakhar Lattafa Men,Eau de Parfum para hombre 100 ml,"36,70€",-15 %,"18,30",4.2,9
317,Perfumes de hombre,Lattafa,Ameer Al Oudh Intense Oud,Eau de Parfum unisex 100 ml,"33,70€",-15 %,"20,80",4.3,25
318,Perfumes de hombre,Versace,Eros Flame,Eau de Parfum para hombre,"53,00€",Sin descuento,"49,80",4.5,6
319,Perfumes de hombre,Lattafa,Asad,Eau de Parfum para hombre 100 ml,"60,10€",-15 %,"25,50",4.6,19
320,Perfumes de hombre,Lattafa,Qaed Al Fursan,Eau de Parfum unisex 90 ml,"28,00€",-15 %,"18,20",4.4,18
321,Perfumes de hombre,Carolina Herrera,212 VIP Black,Eau de Parfum para hombre,Es el precio con desc,Sin descuento,"48,00",Sin valoracion,Sin valoraciones
322,Perfumes de hombre,Lattafa,Badee Al Oud Ametyst,Eau de Parfum para mujer 100 ml,"49,50€",-15 %,"32,00",4.2,23
323,Perfumes de hombre,Al Haramain,Détour noir,Eau de Parfum para hombre 100 ml,"59,30€",-15 %,"31,70",4.4,16
324,Perfumes de hombre,Afnan,Supremacy In Oud,Eau de Parfum unisex 100 ml,"51,20€",-15 %,"46,10",4.5,2
325,Perfumes de hombre,Afnan,Supremacy Silver,Eau de Parfum para hombre 100 ml,Es el precio con desc,-15 %,"37,20",Sin valoracion,Sin valoraciones
326,Perfumes de hombre,Lattafa,Sheikh Al Shuyukh Luxe Edition,Eau de Parfum unisex 100 ml,"27,30€",-15 %,"18,20",4.6,27
327,Perfumes de hombre,Rasasi,Daarej Pour Homme,Eau de Parfum para hombre 100 ml,"34,80€",-15 %,"17,80",4.3,53
328,Perfumes de hombre,Lattafa,Opulent Red,Eau de Parfum unisex 100 ml,"32,80€",-15 %,"18,10",4.7,29
329,Perfumes de hombre,Afnan,Turathi Blue Homme,Eau de Parfum para hombre 90 ml,"37,20€",-15 %,"34,90",4.6,44
330,Perfumes de hombre,Al Haramain,Amber Oud Gold Edition,Eau de Parfum unisex 60 ml,"104,22€",-15 %,"54,50",4.9,17
331,Perfumes de hombre,Rasasi,Shuhrah Pour Homme,Eau de Parfum para hombre 90 ml,"47,80€",-15 %,"24,70",4.3,129
332,Perfumes de hombre,Lattafa,Pride Ishq Al Shuyukh Gold,Eau de Parfum unisex 100 ml,Es el precio con desc,-15 %,"56,00",Sin valoracion,Sin valoraciones
333,Perfumes de hombre,Afnan,9 PM,Eau de Parfum para hombre 100 ml,Es el precio con desc,-15 %,"41,10",Sin valoracion,Sin valoraciones
334,Perfumes de hombre,Al Haramain,Amber Oud Tobacco Edition,Eau de Parfum unisex 60 ml,"96,03€",-15 %,"54,30",4.6,28
335,Perfumes de hombre,Versace,Pour Homme Oud Noir,Eau de Parfum para hombre 100 ml,Es el precio con desc,-15 %,"110,00",Sin valoracion,Sin valoraciones
336,Perfumes de hombre,Trussardi,Black Extreme,Eau de Toilette para hombre 100 ml,Es el precio con desc,-15 %,"44,40",Sin valoracion,Sin valoraciones
337,Perfumes de hombre,Avon,Luck For Him,Eau de Toilette para hombre,Es el precio con desc,Sin descuento,"17,40",Sin valoracion,Sin valoraciones
338,Perfumes de hombre,Bond No. 9,Downtown Chez Bond,Eau de Parfum para hombre,Es el precio con desc,-15 %,"136,90",Sin valoracion,Sin valoraciones
339,Perfumes de hombre,GUERLAIN,L'Homme Idéal,Eau de Toilette para hombre,"58,50€",Sin descuento,"52,70",5,2
340,Perfumes de hombre,Jimmy Choo,Man,Eau de Toilette para hombre,"87,00€",-15 %,"18,30",5,2
341,Perfumes de hombre,Memo,Irish Leather,Eau de Parfum unisex 75 ml,Es el precio con desc,Sin descuento,"173,30",Sin valoracion,Sin valoraciones
342,Perfumes de hombre,Escentric Molecules,Escentric 02,Eau de Toilette unisex,Es el precio con desc,-15 %,"90,00",Sin valoracion,Sin valoraciones
343,Perfumes de hombre,Oriflame,Be the Legend,Eau de Toilette para hombre 75 ml,Es el precio con desc,-15 %,"19,10",Sin valoracion,Sin valoraciones
344,Perfumes de hombre,Parfums De Marly,Godolphin,Eau de Parfum para hombre,Es el precio con desc,Sin descuento,"190,00",Sin valoracion,Sin valoraciones
345,Perfumes de hombre,Parfums De Marly,Darley,Eau de Parfum para hombre 125 ml,Es el precio con desc,Sin descuento,"220,00",Sin valoracion,Sin valoraciones
346,Perfumes de hombre,Parfums De Marly,Pegasus,Eau de Parfum unisex,Es el precio con desc,Sin descuento,"190,00",Sin valoracion,Sin valoraciones
347,Perfumes de hombre,Parfums De Marly,Shagya,Eau de Parfum para hombre 125 ml,Es el precio con desc,Sin descuento,"220,00",Sin valoracion,Sin valoraciones
348,Perfumes de hombre,Parfums De Marly,Galloway,Eau de Parfum unisex,Es el precio con desc,Sin descuento,"190,00",Sin valoracion,Sin valoraciones
349,Perfumes de hombre,Parfums De Marly,Habdan,Eau de Parfum unisex 125 ml,Es el precio con desc,Sin descuento,"250,00",Sin valoracion,Sin valoraciones
350,Perfumes de hombre,Houbigant,Duc De Vervins,Eau de Toilette para hombre 120 ml,Es el precio con desc,-15 %,"83,40",Sin valoracion,Sin valoraciones
351,Perfumes de hombre,Juliette has a gun,Anyway,Eau de Parfum unisex,Es el precio con desc,-15 %,"95,00",Sin valoracion,Sin valoraciones
352,Perfumes de hombre,Histoires De Parfums,Noir Patchouli,Eau de Parfum unisex,Es el precio con desc,-15 %,"65,50",Sin valoracion,Sin valoraciones
353,Perfumes de hombre,Histoires De Parfums,1828,Eau de Parfum para hombre,Es el precio con desc,-15 %,"69,50",Sin valoracion,Sin valoraciones
354,Perfumes de hombre,Perris Monte Carlo,Musk Extreme,Eau de Parfum unisex 100 ml,"174,20€",-15 %,"158,40",3.5,2
355,Perfumes de hombre,Memo,French Leather,Eau de Parfum unisex 75 ml,"277,50€",-15 %,"231,80",5,1
356,Perfumes de hombre,Kenneth Cole,Mankind,Eau de Toilette para hombre 100 ml,Es el precio con desc,-15 %,"27,00",Sin valoracion,Sin valoraciones
357,Perfumes de hombre,Etienne Aigner,No. 1 Oud,Eau de Parfum para hombre 100 ml,"38,80€",Sin descuento,"34,90",5,2
358,Perfumes de hombre,Mexx,Ice Touch Man (2014),Eau de Toilette para hombre,Es el precio con desc,-15 %,"14,50",Sin valoracion,Sin valoraciones
359,Perfumes de hombre,Gucci,Guilty Pour Homme,Eau de Toilette para hombre,Es el precio con desc,-15 %,"49,70",Sin valoracion,Sin valoraciones
360,Perfumes de hombre,Afnan,Supremacy Not Only Intense,extracto de perfume para hombre 100 ml,Es el precio con desc,-15 %,"49,90",Sin valoracion,Sin valoraciones
361,Perfumes de hombre,Lattafa,Pride Eternal Oud,Eau de Parfum unisex 100 ml,Es el precio con desc,-15 %,"56,00",Sin valoracion,Sin valoraciones
362,Perfumes de hombre,Lattafa,Badee Al Oud Oud For Glory,Eau de Parfum unisex 100 ml,"27,70€",Sin descuento,"26,00",4.4,12
363,Perfumes de hombre,Bentley,For Men Intense,Eau de Parfum para hombre 100 ml,"89,00€",-15 %,"29,50",4.5,123
364,Perfumes de hombre,Lattafa,Fakhar Lattafa Men,Eau de Parfum para hombre 100 ml,"36,70€",-15 %,"18,30",4.2,9
365,Perfumes de hombre,Lattafa,Ameer Al Oudh Intense Oud,Eau de Parfum unisex 100 ml,"33,70€",-15 %,"20,80",4.3,25
366,Perfumes de hombre,Versace,Eros Flame,Eau de Parfum para hombre,"53,00€",Sin descuento,"49,80",4.5,6
367,Perfumes de hombre,Lattafa,Asad,Eau de Parfum para hombre 100 ml,"60,10€",-15 %,"25,50",4.6,19
368,Perfumes de hombre,Lattafa,Qaed Al Fursan,Eau de Parfum unisex 90 ml,"28,00€",-15 %,"18,20",4.4,18
369,Perfumes de hombre,Carolina Herrera,212 VIP Black,Eau de Parfum para hombre,Es el precio con desc,Sin descuento,"48,00",Sin valoracion,Sin valoraciones
370,Perfumes de hombre,Lattafa,Badee Al Oud Ametyst,Eau de Parfum para mujer 100 ml,"49,50€",-15 %,"32,00",4.2,23
371,Perfumes de hombre,Al Haramain,Détour noir,Eau de Parfum para hombre 100 ml,"59,30€",-15 %,"31,70",4.4,16
372,Perfumes de hombre,Afnan,Supremacy In Oud,Eau de Parfum unisex 100 ml,"51,20€",-15 %,"46,10",4.5,2
373,Perfumes de hombre,Afnan,Supremacy Silver,Eau de Parfum para hombre 100 ml,Es el precio con desc,-15 %,"37,20",Sin valoracion,Sin valoraciones
374,Perfumes de hombre,Lattafa,Sheikh Al Shuyukh Luxe Edition,Eau de Parfum unisex 100 ml,"27,30€",-15 %,"18,20",4.6,27
375,Perfumes de hombre,Rasasi,Daarej Pour Homme,Eau de Parfum para hombre 100 ml,"34,80€",-15 %,"17,80",4.3,53
376,Perfumes de hombre,Lattafa,Opulent Red,Eau de Parfum unisex 100 ml,"32,80€",-15 %,"18,10",4.7,29
377,Perfumes de hombre,Afnan,Turathi Blue Homme,Eau de Parfum para hombre 90 ml,"37,20€",-15 %,"34,90",4.6,44
378,Perfumes de hombre,Al Haramain,Amber Oud Gold Edition,Eau de Parfum unisex 60 ml,"104,22€",-15 %,"54,50",4.9,17
379,Perfumes de hombre,Rasasi,Shuhrah Pour Homme,Eau de Parfum para hombre 90 ml,"47,80€",-15 %,"24,70",4.3,129
380,Perfumes de hombre,Lattafa,Pride Ishq Al Shuyukh Gold,Eau de Parfum unisex 100 ml,Es el precio con desc,-15 %,"56,00",Sin valoracion,Sin valoraciones
381,Perfumes de hombre,Afnan,9 PM,Eau de Parfum para hombre 100 ml,Es el precio con desc,-15 %,"41,10",Sin valoracion,Sin valoraciones
382,Perfumes de hombre,Al Haramain,Amber Oud Tobacco Edition,Eau de Parfum unisex 60 ml,"96,03€",-15 %,"54,30",4.6,29
383,Perfumes de hombre,Versace,Pour Homme Oud Noir,Eau de Parfum para hombre 100 ml,Es el precio con desc,-15 %,"110,00",Sin valoracion,Sin valoraciones
384,Perfumes de hombre,Bentley,For Men Intense,Eau de Parfum para hombre 100 ml,"89,00€",-15 %,"29,50",4.5,123
385,Perfumes de hombre,Lattafa,Badee Al Oud Oud For Glory,Eau de Parfum unisex 100 ml,"27,70€",Sin descuento,"26,00",4.4,12
386,Perfumes de hombre,Lattafa,Fakhar Lattafa Men,Eau de Parfum para hombre 100 ml,"36,70€",-15 %,"18,30",4.2,9
387,Perfumes de hombre,Lattafa,Ameer Al Oudh Intense Oud,Eau de Parfum unisex 100 ml,"33,70€",-15 %,"20,80",4.3,25
388,Perfumes de hombre,Lattafa,Asad,Eau de Parfum para hombre 100 ml,"60,10€",-15 %,"25,50",4.6,19
389,Perfumes de hombre,Lattafa,Qaed Al Fursan,Eau de Parfum unisex 90 ml,"28,00€",-15 %,"18,20",4.4,18
390,Perfumes de hombre,Afnan,Supremacy Not Only Intense,extracto de perfume para hombre 100 ml,Es el precio con desc,-15 %,"49,90",Sin valoracion,Sin valoraciones
391,Perfumes de hombre,Lattafa,Badee Al Oud Ametyst,Eau de Parfum para mujer 100 ml,"49,50€",-15 %,"32,00",4.2,23
392,Perfumes de hombre,Al Haramain,Détour noir,Eau de Parfum para hombre 100 ml,"59,30€",-15 %,"31,70",4.4,16
393,Perfumes de hombre,Rasasi,Daarej Pour Homme,Eau de Parfum para hombre 100 ml,"34,80€",-15 %,"17,80",4.3,53
394,Perfumes de hombre,Lattafa,Sheikh Al Shuyukh Luxe Edition,Eau de Parfum unisex 100 ml,"27,30€",-15 %,"18,20",4.6,27
395,Perfumes de hombre,Afnan,Turathi Blue Homme,Eau de Parfum para hombre 90 ml,"37,20€",-15 %,"34,90",4.6,44
396,Perfumes de hombre,Lattafa,Opulent Red,Eau de Parfum unisex 100 ml,"32,80€",-15 %,"18,10",4.7,29
397,Perfumes de hombre,Rasasi,Shuhrah Pour Homme,Eau de Parfum para hombre 90 ml,"47,80€",-15 %,"24,70",4.3,129
398,Perfumes de hombre,Al Haramain,Amber Oud Gold Edition,Eau de Parfum unisex 60 ml,"104,22€",-15 %,"54,50",4.9,17
399,Perfumes de hombre,Afnan,9 PM,Eau de Parfum para hombre 100 ml,Es el precio con desc,-15 %,"41,10",Sin valoracion,Sin valoraciones
400,Perfumes de hombre,Lattafa,Pride Ishq Al Shuyukh Gold,Eau de Parfum unisex 100 ml,Es el precio con desc,-15 %,"56,00",Sin valoracion,Sin valoraciones
401,Perfumes de hombre,Al Haramain,Amber Oud Tobacco Edition,Eau de Parfum unisex 60 ml,"96,03€",-15 %,"54,30",4.6,29
402,Perfumes de hombre,Al Haramain,L'Aventure,Eau de Parfum para hombre,"21,20€",Sin descuento,"19,90",4.3,18
403,Perfumes de hombre,Just Jack,Tobacco Leaf,Eau de Parfum unisex,"27,49€",-15 %,"11,50",4.7,22
404,Perfumes de hombre,Lalique,Encre Noire A L'Extreme,Eau de Parfum para hombre 100 ml,"123,00€",-15 %,"29,80",4.4,40
405,Perfumes de hombre,Lattafa,Opulent Oud,Eau de Parfum unisex 100 ml,"28,40€",-15 %,"22,90",4.7,10
406,Perfumes de hombre,Rasasi,Fattan Pour Homme,Eau de Parfum para hombre 50 ml,"28,40€",-15 %,"14,50",4.4,29
407,Perfumes de hombre,Lattafa,Malik Al Tayoor Concentrated,Eau de Parfum unisex 100 ml,"26,50€",-15 %,"14,90",4.2,4
408,Perfumes de hombre,Afnan,Supremacy Not Only Intense,extracto de perfume para hombre 100 ml,Es el precio con desc,-15 %,"49,90",Sin valoracion,Sin valoraciones
409,Perfumes de hombre,Lattafa,Pride Eternal Oud,Eau de Parfum unisex 100 ml,Es el precio con desc,-15 %,"56,00",Sin valoracion,Sin valoraciones
410,Perfumes de hombre,Lattafa,Badee Al Oud Oud For Glory,Eau de Parfum unisex 100 ml,"27,70€",Sin descuento,"26,00",4.4,12
411,Perfumes de hombre,Bentley,For Men Intense,Eau de Parfum para hombre 100 ml,"89,00€",-15 %,"29,50",4.5,123
412,Perfumes de hombre,Lattafa,Fakhar Lattafa Men,Eau de Parfum para hombre 100 ml,"36,70€",-15 %,"18,30",4.2,9
413,Perfumes de hombre,Lattafa,Ameer Al Oudh Intense Oud,Eau de Parfum unisex 100 ml,"33,70€",-15 %,"20,80",4.3,25
414,Perfumes de hombre,Versace,Eros Flame,Eau de Parfum para hombre,"53,00€",Sin descuento,"49,80",4.5,6
415,Perfumes de hombre,Lattafa,Asad,Eau de Parfum para hombre 100 ml,"60,10€",-15 %,"25,50",4.6,19
416,Perfumes de hombre,Lattafa,Qaed Al Fursan,Eau de Parfum unisex 90 ml,"28,00€",-15 %,"18,20",4.4,18
417,Perfumes de hombre,Carolina Herrera,212 VIP Black,Eau de Parfum para hombre,Es el precio con desc,Sin descuento,"48,00",Sin valoracion,Sin valoraciones
418,Perfumes de hombre,Lattafa,Badee Al Oud Ametyst,Eau de Parfum para mujer 100 ml,"49,50€",-15 %,"32,00",4.2,23
419,Perfumes de hombre,Al Haramain,Détour noir,Eau de Parfum para hombre 100 ml,"59,30€",-15 %,"31,70",4.4,16
420,Perfumes de hombre,Afnan,Supremacy In Oud,Eau de Parfum unisex 100 ml,"51,20€",-15 %,"46,10",4.5,2
421,Perfumes de hombre,Afnan,Supremacy Silver,Eau de Parfum para hombre 100 ml,Es el precio con desc,-15 %,"37,20",Sin valoracion,Sin valoraciones
422,Perfumes de hombre,Lattafa,Sheikh Al Shuyukh Luxe Edition,Eau de Parfum unisex 100 ml,"27,30€",-15 %,"18,20",4.6,27
423,Perfumes de hombre,Rasasi,Daarej Pour Homme,Eau de Parfum para hombre 100 ml,"34,80€",-15 %,"17,80",4.3,53
424,Perfumes de hombre,Lattafa,Opulent Red,Eau de Parfum unisex 100 ml,"32,80€",-15 %,"18,10",4.7,29
425,Perfumes de hombre,Afnan,Turathi Blue Homme,Eau de Parfum para hombre 90 ml,"37,20€",-15 %,"34,90",4.6,44
426,Perfumes de hombre,Al Haramain,Amber Oud Gold Edition,Eau de Parfum unisex 60 ml,"104,22€",-15 %,"54,50",4.9,17
427,Perfumes de hombre,Rasasi,Shuhrah Pour Homme,Eau de Parfum para hombre 90 ml,"47,80€",-15 %,"24,70",4.3,129
428,Perfumes de hombre,Lattafa,Pride Ishq Al Shuyukh Gold,Eau de Parfum unisex 100 ml,Es el precio con desc,-15 %,"56,00",Sin valoracion,Sin valoraciones
429,Perfumes de hombre,Afnan,9 PM,Eau de Parfum para hombre 100 ml,Es el precio con desc,-15 %,"41,10",Sin valoracion,Sin valoraciones
430,Perfumes de hombre,Al Haramain,Amber Oud Tobacco Edition,Eau de Parfum unisex 60 ml,"96,03€",-15 %,"54,30",4.6,29
431,Perfumes de hombre,Versace,Pour Homme Oud Noir,Eau de Parfum para hombre 100 ml,Es el precio con desc,-15 %,"110,00",Sin valoracion,Sin valoraciones
432,Perfumes de hombre,Bentley,For Men Intense,Eau de Parfum para hombre 100 ml,"89,00€",-15 %,"29,50",4.5,123
433,Perfumes de hombre,Lattafa,Badee Al Oud Oud For Glory,Eau de Parfum unisex 100 ml,"27,70€",Sin descuento,"26,00",4.4,12
434,Perfumes de hombre,Lattafa,Fakhar Lattafa Men,Eau de Parfum para hombre 100 ml,"36,70€",-15 %,"18,30",4.2,9
435,Perfumes de hombre,Lattafa,Ameer Al Oudh Intense Oud,Eau de Parfum unisex 100 ml,"33,70€",-15 %,"20,80",4.3,25
436,Perfumes de hombre,Lattafa,Asad,Eau de Parfum para hombre 100 ml,"60,10€",-15 %,"25,50",4.6,19
437,Perfumes de hombre,Lattafa,Qaed Al Fursan,Eau de Parfum unisex 90 ml,"28,00€",-15 %,"18,20",4.4,18
438,Perfumes de hombre,Afnan,Supremacy Not Only Intense,extracto de perfume para hombre 100 ml,Es el precio con desc,-15 %,"49,90",Sin valoracion,Sin valoraciones
439,Perfumes de hombre,Lattafa,Badee Al Oud Ametyst,Eau de Parfum para mujer 100 ml,"49,50€",-15 %,"32,00",4.2,23
440,Perfumes de hombre,Al Haramain,Détour noir,Eau de Parfum para hombre 100 ml,"59,30€",-15 %,"31,70",4.4,16
441,Perfumes de hombre,Rasasi,Daarej Pour Homme,Eau de Parfum para hombre 100 ml,"34,80€",-15 %,"17,80",4.3,53
442,Perfumes de hombre,Lattafa,Sheikh Al Shuyukh Luxe Edition,Eau de Parfum unisex 100 ml,"27,30€",-15 %,"18,20",4.6,27
443,Perfumes de hombre,Afnan,Turathi Blue Homme,Eau de Parfum para hombre 90 ml,"37,20€",-15 %,"34,90",4.6,44
444,Perfumes de hombre,Lattafa,Opulent Red,Eau de Parfum unisex 100 ml,"32,80€",-15 %,"18,10",4.7,29
445,Perfumes de hombre,Rasasi,Shuhrah Pour Homme,Eau de Parfum para hombre 90 ml,"47,80€",-15 %,"24,70",4.3,129
446,Perfumes de hombre,Al Haramain,Amber Oud Gold Edition,Eau de Parfum unisex 60 ml,"104,22€",-15 %,"54,50",4.9,17
447,Perfumes de hombre,Afnan,9 PM,Eau de Parfum para hombre 100 ml,Es el precio con desc,-15 %,"41,10",Sin valoracion,Sin valoraciones
448,Perfumes de hombre,Lattafa,Pride Ishq Al Shuyukh Gold,Eau de Parfum unisex 100 ml,Es el precio con desc,-15 %,"56,00",Sin valoracion,Sin valoraciones
449,Perfumes de hombre,Al Haramain,Amber Oud Tobacco Edition,Eau de Parfum unisex 60 ml,"96,03€",-15 %,"54,30",4.6,29
450,Perfumes de hombre,Al Haramain,L'Aventure,Eau de Parfum para hombre,"21,20€",Sin descuento,"19,90",4.3,18
451,Perfumes de hombre,Just Jack,Tobacco Leaf,Eau de Parfum unisex,"27,49€",-15 %,"11,50",4.7,22
452,Perfumes de hombre,Lalique,Encre Noire A L'Extreme,Eau de Parfum para hombre 100 ml,"123,00€",-15 %,"29,80",4.4,40
453,Perfumes de hombre,Lattafa,Opulent Oud,Eau de Parfum unisex 100 ml,"28,40€",-15 %,"22,90",4.7,10
454,Perfumes de hombre,Rasasi,Fattan Pour Homme,Eau de Parfum para hombre 50 ml,"28,40€",-15 %,"14,50",4.4,29
455,Perfumes de hombre,Lattafa,Malik Al Tayoor Concentrated,Eau de Parfum unisex 100 ml,"26,50€",-15 %,"14,90",4.2,4
456,Perfumes de hombre,Tiziana Terenzi,Luna Orion,extracto de perfume unisex 100 ml,Es el precio con desc,-15 %,"275,00",Sin valoracion,Sin valoraciones
457,Perfumes de hombre,Etro,Magot,Eau de Toilette unisex 100 ml,Es el precio con desc,-15 %,"112,50",Sin valoracion,Sin valoraciones
458,Perfumes de hombre,Playboy,Play it Wild,Eau de Toilette para hombre 100 ml,"9,90€",-15 %,"7,90",4.5,2
459,Perfumes de hombre,Abercrombie & Fitch,First Instinct,Eau de Toilette para hombre,"84,00€",-15 %,"22,40",4.3,3
460,Perfumes de hombre,Ajmal,Sacrifice for Him,Eau de Parfum para hombre 100 ml,Es el precio con desc,-15 %,"19,30",Sin valoracion,Sin valoraciones
461,Perfumes de hombre,Liz Claiborne,Lucky You,agua de colonia para hombre 100 ml,Es el precio con desc,-15 %,"20,50",Sin valoracion,Sin valoraciones
462,Perfumes de hombre,Jacques Bogart,Bogart Story Red,Eau de Toilette para hombre 100 ml,Es el precio con desc,-15 %,"28,90",Sin valoracion,Sin valoraciones
463,Perfumes de hombre,Ajmal,Shadow For Him,Eau de Parfum para hombre 75 ml,"38,80€",-15 %,"28,10",1,1
464,Perfumes de hombre,Ajmal,II Pour Homme,Eau de Parfum para hombre 75 ml,Es el precio con desc,-15 %,"34,90",Sin valoracion,Sin valoraciones
465,Perfumes de hombre,Ajmal,Ambre Pimente,Eau de Parfum unisex 100 ml,"42,70€",-15 %,"30,50",4.5,2
466,Perfumes de hombre,Clive Christian,C for Men,Eau de Parfum para hombre,Es el precio con desc,-15 %,"267,00",Sin valoracion,Sin valoraciones
467,Perfumes de hombre,Clive Christian,V for Men,Eau de Parfum para hombre 50 ml,Es el precio con desc,-15 %,"235,00",Sin valoracion,Sin valoraciones
468,Perfumes de hombre,Etro,New Tradition,Eau de Toilette unisex 100 ml,Es el precio con desc,Sin descuento,"105,80",Sin valoracion,Sin valoraciones
469,Perfumes de hombre,Ajmal,Hatkora Wood,Eau de Parfum unisex,Es el precio con desc,-15 %,"79,10",Sin valoracion,Sin valoraciones
470,Perfumes de hombre,Ajmal,Rose Wood,Eau de Parfum unisex 100 ml,Es el precio con desc,-15 %,"130,00",Sin valoracion,Sin valoraciones
471,Perfumes de hombre,Ajmal,Cuir Musc,Eau de Parfum unisex 100 ml,"135,80€",-15 %,"83,50",4,1
472,Perfumes de hombre,Lacoste,Eau de Lacoste L.12.12 Noir,Eau de Toilette para hombre,Es el precio con desc,-15 %,"29,90",Sin valoracion,Sin valoraciones
473,Perfumes de hombre,Lalique,Noir Premier Terres Aromatiques,Eau de Parfum unisex 100 ml,"270,00€",-15 %,"216,00",5,2
474,Perfumes de hombre,V Canto,Mirabile,extracto de perfume unisex 100 ml,Es el precio con desc,-15 %,"175,00",Sin valoracion,Sin valoraciones
475,Perfumes de hombre,HERMÈS,Colognes Collection Eau de Néroli Doré,agua de colonia unisex 100 ml,Es el precio con desc,Sin descuento,"118,00",Sin valoracion,Sin valoraciones
476,Perfumes de hombre,HERMÈS,Colognes Collection Eau de Rhubarbe Écarlate,agua de colonia unisex,Es el precio con desc,Sin descuento,"87,00",Sin valoracion,Sin valoraciones
477,Perfumes de hombre,V Canto,Amans,extracto de perfume unisex 100 ml,Es el precio con desc,-15 %,"175,00",Sin valoracion,Sin valoraciones
478,Perfumes de hombre,V Canto,Kashimire,extracto de perfume unisex 100 ml,Es el precio con desc,-15 %,"175,00",Sin valoracion,Sin valoraciones
479,Perfumes de hombre,Roja Parfums,Enigma,perfume para hombre 50 ml,Es el precio con desc,-15 %,"410,30",Sin valoracion,Sin valoraciones
480,Perfumes de hombre,Afnan,Supremacy Not Only Intense,extracto de perfume para hombre 100 ml,Es el precio con desc,-15 %,"49,90",Sin valoracion,Sin valoraciones
481,Perfumes de hombre,Lattafa,Pride Eternal Oud,Eau de Parfum unisex 100 ml,Es el precio con desc,-15 %,"56,00",Sin valoracion,Sin valoraciones
482,Perfumes de hombre,Lattafa,Badee Al Oud Oud For Glory,Eau de Parfum unisex 100 ml,"27,70€",Sin descuento,"26,00",4.4,12
483,Perfumes de hombre,Bentley,For Men Intense,Eau de Parfum para hombre 100 ml,"89,00€",-15 %,"29,50",4.5,123
484,Perfumes de hombre,Lattafa,Fakhar Lattafa Men,Eau de Parfum para hombre 100 ml,"36,70€",-15 %,"18,30",4.2,9
485,Perfumes de hombre,Lattafa,Ameer Al Oudh Intense Oud,Eau de Parfum unisex 100 ml,"33,70€",-15 %,"20,80",4.3,25
486,Perfumes de hombre,Versace,Eros Flame,Eau de Parfum para hombre,"53,00€",Sin descuento,"49,80",4.5,6
487,Perfumes de hombre,Lattafa,Asad,Eau de Parfum para hombre 100 ml,"60,10€",-15 %,"25,50",4.6,19
488,Perfumes de hombre,Lattafa,Qaed Al Fursan,Eau de Parfum unisex 90 ml,"28,00€",-15 %,"18,20",4.4,18
489,Perfumes de hombre,Carolina Herrera,212 VIP Black,Eau de Parfum para hombre,Es el precio con desc,Sin descuento,"48,00",Sin valoracion,Sin valoraciones
490,Perfumes de hombre,Lattafa,Badee Al Oud Ametyst,Eau de Parfum para mujer 100 ml,"49,50€",-15 %,"32,00",4.2,23
491,Perfumes de hombre,Al Haramain,Détour noir,Eau de Parfum para hombre 100 ml,"59,30€",-15 %,"31,70",4.4,16
492,Perfumes de hombre,Afnan,Supremacy In Oud,Eau de Parfum unisex 100 ml,"51,20€",-15 %,"46,10",4.5,2
493,Perfumes de hombre,Afnan,Supremacy Silver,Eau de Parfum para hombre 100 ml,Es el precio con desc,-15 %,"37,20",Sin valoracion,Sin valoraciones
494,Perfumes de hombre,Lattafa,Sheikh Al Shuyukh Luxe Edition,Eau de Parfum unisex 100 ml,"27,30€",-15 %,"18,20",4.6,27
495,Perfumes de hombre,Rasasi,Daarej Pour Homme,Eau de Parfum para hombre 100 ml,"34,80€",-15 %,"17,80",4.3,53
496,Perfumes de hombre,Lattafa,Opulent Red,Eau de Parfum unisex 100 ml,"32,80€",-15 %,"18,10",4.7,29
497,Perfumes de hombre,Afnan,Turathi Blue Homme,Eau de Parfum para hombre 90 ml,"37,20€",-15 %,"34,90",4.6,44
498,Perfumes de hombre,Al Haramain,Amber Oud Gold Edition,Eau de Parfum unisex 60 ml,"104,22€",-15 %,"54,50",4.9,17
499,Perfumes de hombre,Rasasi,Shuhrah Pour Homme,Eau de Parfum para hombre 90 ml,"47,80€",-15 %,"24,70",4.3,129
500,Perfumes de hombre,Lattafa,Pride Ishq Al Shuyukh Gold,Eau de Parfum unisex 100 ml,Es el precio con desc,-15 %,"56,00",Sin valoracion,Sin valoraciones
501,Perfumes de hombre,Afnan,9 PM,Eau de Parfum para hombre 100 ml,Es el precio con desc,-15 %,"41,10",Sin valoracion,Sin valoraciones
502,Perfumes de hombre,Al Haramain,Amber Oud Tobacco Edition,Eau de Parfum unisex 60 ml,"96,03€",-15 %,"54,30",4.6,29
503,Perfumes de hombre,Versace,Pour Homme Oud Noir,Eau de Parfum para hombre 100 ml,Es el precio con desc,-15 %,"110,00",Sin valoracion,Sin valoraciones
504,Perfumes de hombre,Bentley,For Men Intense,Eau de Parfum para hombre 100 ml,"89,00€",-15 %,"29,50",4.5,123
505,Perfumes de hombre,Lattafa,Badee Al Oud Oud For Glory,Eau de Parfum unisex 100 ml,"27,70€",Sin descuento,"26,00",4.4,12
506,Perfumes de hombre,Lattafa,Fakhar Lattafa Men,Eau de Parfum para hombre 100 ml,"36,70€",-15 %,"18,30",4.2,9
507,Perfumes de hombre,Lattafa,Ameer Al Oudh Intense Oud,Eau de Parfum unisex 100 ml,"33,70€",-15 %,"20,80",4.3,25
508,Perfumes de hombre,Lattafa,Asad,Eau de Parfum para hombre 100 ml,"60,10€",-15 %,"25,50",4.6,19
509,Perfumes de hombre,Lattafa,Qaed Al Fursan,Eau de Parfum unisex 90 ml,"28,00€",-15 %,"18,20",4.4,18
510,Perfumes de hombre,Afnan,Supremacy Not Only Intense,extracto de perfume para hombre 100 ml,Es el precio con desc,-15 %,"49,90",Sin valoracion,Sin valoraciones
511,Perfumes de hombre,Lattafa,Badee Al Oud Ametyst,Eau de Parfum para mujer 100 ml,"49,50€",-15 %,"32,00",4.2,23
512,Perfumes de hombre,Al Haramain,Détour noir,Eau de Parfum para hombre 100 ml,"59,30€",-15 %,"31,70",4.4,16
513,Perfumes de hombre,Rasasi,Daarej Pour Homme,Eau de Parfum para hombre 100 ml,"34,80€",-15 %,"17,80",4.3,53
514,Perfumes de hombre,Lattafa,Sheikh Al Shuyukh Luxe Edition,Eau de Parfum unisex 100 ml,"27,30€",-15 %,"18,20",4.6,27
515,Perfumes de hombre,Afnan,Turathi Blue Homme,Eau de Parfum para hombre 90 ml,"37,20€",-15 %,"34,90",4.6,44
516,Perfumes de hombre,Lattafa,Opulent Red,Eau de Parfum unisex 100 ml,"32,80€",-15 %,"18,10",4.7,29
517,Perfumes de hombre,Rasasi,Shuhrah Pour Homme,Eau de Parfum para hombre 90 ml,"47,80€",-15 %,"24,70",4.3,129
518,Perfumes de hombre,Al Haramain,Amber Oud Gold Edition,Eau de Parfum unisex 60 ml,"104,22€",-15 %,"54,50",4.9,17
519,Perfumes de hombre,Afnan,9 PM,Eau de Parfum para hombre 100 ml,Es el precio con desc,-15 %,"41,10",Sin valoracion,Sin valoraciones
520,Perfumes de hombre,Lattafa,Pride Ishq Al Shuyukh Gold,Eau de Parfum unisex 100 ml,Es el precio con desc,-15 %,"56,00",Sin valoracion,Sin valoraciones
521,Perfumes de hombre,Al Haramain,Amber Oud Tobacco Edition,Eau de Parfum unisex 60 ml,"96,03€",-15 %,"54,30",4.6,29
522,Perfumes de hombre,Al Haramain,L'Aventure,Eau de Parfum para hombre,"21,20€",Sin descuento,"19,90",4.3,18
523,Perfumes de hombre,Just Jack,Tobacco Leaf,Eau de Parfum unisex,"27,49€",-15 %,"11,50",4.7,22
524,Perfumes de hombre,Lalique,Encre Noire A L'Extreme,Eau de Parfum para hombre 100 ml,"123,00€",-15 %,"29,80",4.4,40
525,Perfumes de hombre,Lattafa,Opulent Oud,Eau de Parfum unisex 100 ml,"28,40€",-15 %,"22,90",4.7,10
526,Perfumes de hombre,Rasasi,Fattan Pour Homme,Eau de Parfum para hombre 50 ml,"28,40€",-15 %,"14,50",4.4,29
527,Perfumes de hombre,Lattafa,Malik Al Tayoor Concentrated,Eau de Parfum unisex 100 ml,"26,50€",-15 %,"14,90",4.2,4
528,Perfumes de hombre,Afnan,Supremacy Not Only Intense,extracto de perfume para hombre 100 ml,Es el precio con desc,-15 %,"49,90",Sin valoracion,Sin valoraciones
529,Perfumes de hombre,Lattafa,Pride Eternal Oud,Eau de Parfum unisex 100 ml,Es el precio con desc,-15 %,"56,00",Sin valoracion,Sin valoraciones
530,Perfumes de hombre,Lattafa,Badee Al Oud Oud For Glory,Eau de Parfum unisex 100 ml,"27,70€",Sin descuento,"26,00",4.4,12
531,Perfumes de hombre,Bentley,For Men Intense,Eau de Parfum para hombre 100 ml,"89,00€",-15 %,"29,50",4.5,123
532,Perfumes de hombre,Lattafa,Fakhar Lattafa Men,Eau de Parfum para hombre 100 ml,"36,70€",-15 %,"18,30",4.2,9
533,Perfumes de hombre,Lattafa,Ameer Al Oudh Intense Oud,Eau de Parfum unisex 100 ml,"33,70€",-15 %,"20,80",4.3,25
534,Perfumes de hombre,Versace,Eros Flame,Eau de Parfum para hombre,"53,00€",Sin descuento,"49,80",4.5,6
535,Perfumes de hombre,Lattafa,Asad,Eau de Parfum para hombre 100 ml,"60,10€",-15 %,"25,50",4.6,19
536,Perfumes de hombre,Lattafa,Qaed Al Fursan,Eau de Parfum unisex 90 ml,"28,00€",-15 %,"18,20",4.4,18
537,Perfumes de hombre,Carolina Herrera,212 VIP Black,Eau de Parfum para hombre,Es el precio con desc,Sin descuento,"48,00",Sin valoracion,Sin valoraciones
538,Perfumes de hombre,Lattafa,Badee Al Oud Ametyst,Eau de Parfum para mujer 100 ml,"49,50€",-15 %,"32,00",4.2,23
539,Perfumes de hombre,Al Haramain,Détour noir,Eau de Parfum para hombre 100 ml,"59,30€",-15 %,"31,70",4.4,16
540,Perfumes de hombre,Afnan,Supremacy In Oud,Eau de Parfum unisex 100 ml,"51,20€",-15 %,"46,10",4.5,2
541,Perfumes de hombre,Afnan,Supremacy Silver,Eau de Parfum para hombre 100 ml,Es el precio con desc,-15 %,"37,20",Sin valoracion,Sin valoraciones
542,Perfumes de hombre,Lattafa,Sheikh Al Shuyukh Luxe Edition,Eau de Parfum unisex 100 ml,"27,30€",-15 %,"18,20",4.6,27
543,Perfumes de hombre,Rasasi,Daarej Pour Homme,Eau de Parfum para hombre 100 ml,"34,80€",-15 %,"17,80",4.3,53
544,Perfumes de hombre,Lattafa,Opulent Red,Eau de Parfum unisex 100 ml,"32,80€",-15 %,"18,10",4.7,29
545,Perfumes de hombre,Afnan,Turathi Blue Homme,Eau de Parfum para hombre 90 ml,"37,20€",-15 %,"34,90",4.6,44
546,Perfumes de hombre,Al Haramain,Amber Oud Gold Edition,Eau de Parfum unisex 60 ml,"104,22€",-15 %,"54,50",4.9,17
547,Perfumes de hombre,Rasasi,Shuhrah Pour Homme,Eau de Parfum para hombre 90 ml,"47,80€",-15 %,"24,70",4.3,129
548,Perfumes de hombre,Lattafa,Pride Ishq Al Shuyukh Gold,Eau de Parfum unisex 100 ml,Es el precio con desc,-15 %,"56,00",Sin valoracion,Sin valoraciones
549,Perfumes de hombre,Afnan,9 PM,Eau de Parfum para hombre 100 ml,Es el precio con desc,-15 %,"41,10",Sin valoracion,Sin valoraciones
550,Perfumes de hombre,Al Haramain,Amber Oud Tobacco Edition,Eau de Parfum unisex 60 ml,"96,03€",-15 %,"54,30",4.6,29
551,Perfumes de hombre,Versace,Pour Homme Oud Noir,Eau de Parfum para hombre 100 ml,Es el precio con desc,-15 %,"110,00",Sin valoracion,Sin valoraciones
552,Perfumes de hombre,Afnan,Supremacy Not Only Intense,extracto de perfume para hombre 100 ml,Es el precio con desc,-15 %,"49,90",Sin valoracion,Sin valoraciones
553,Perfumes de hombre,Lattafa,Pride Eternal Oud,Eau de Parfum unisex 100 ml,Es el precio con desc,-15 %,"56,00",Sin valoracion,Sin valoraciones
554,Perfumes de hombre,Lattafa,Badee Al Oud Oud For Glory,Eau de Parfum unisex 100 ml,"27,70€",Sin descuento,"26,00",4.4,12
555,Perfumes de hombre,Bentley,For Men Intense,Eau de Parfum para hombre 100 ml,"89,00€",-15 %,"29,50",4.5,123
556,Perfumes de hombre,Lattafa,Fakhar Lattafa Men,Eau de Parfum para hombre 100 ml,"36,70€",-15 %,"18,30",4.2,9
557,Perfumes de hombre,Lattafa,Ameer Al Oudh Intense Oud,Eau de Parfum unisex 100 ml,"33,70€",-15 %,"20,80",4.3,25
558,Perfumes de hombre,Versace,Eros Flame,Eau de Parfum para hombre,"53,00€",Sin descuento,"49,80",4.5,6
559,Perfumes de hombre,Lattafa,Asad,Eau de Parfum para hombre 100 ml,"60,10€",-15 %,"25,50",4.6,19
560,Perfumes de hombre,Lattafa,Qaed Al Fursan,Eau de Parfum unisex 90 ml,"28,00€",-15 %,"18,20",4.4,18
561,Perfumes de hombre,Carolina Herrera,212 VIP Black,Eau de Parfum para hombre,Es el precio con desc,Sin descuento,"48,00",Sin valoracion,Sin valoraciones
562,Perfumes de hombre,Lattafa,Badee Al Oud Ametyst,Eau de Parfum para mujer 100 ml,"49,50€",-15 %,"32,00",4.2,23
563,Perfumes de hombre,Al Haramain,Détour noir,Eau de Parfum para hombre 100 ml,"59,30€",-15 %,"31,70",4.4,16
564,Perfumes de hombre,Afnan,Supremacy In Oud,Eau de Parfum unisex 100 ml,"51,20€",-15 %,"46,10",4.5,2
565,Perfumes de hombre,Afnan,Supremacy Silver,Eau de Parfum para hombre 100 ml,Es el precio con desc,-15 %,"37,20",Sin valoracion,Sin valoraciones
566,Perfumes de hombre,Lattafa,Sheikh Al Shuyukh Luxe Edition,Eau de Parfum unisex 100 ml,"27,30€",-15 %,"18,20",4.6,27
567,Perfumes de hombre,Rasasi,Daarej Pour Homme,Eau de Parfum para hombre 100 ml,"34,80€",-15 %,"17,80",4.3,53
568,Perfumes de hombre,Lattafa,Opulent Red,Eau de Parfum unisex 100 ml,"32,80€",-15 %,"18,10",4.7,29
569,Perfumes de hombre,Afnan,Turathi Blue Homme,Eau de Parfum para hombre 90 ml,"37,20€",-15 %,"34,90",4.6,44
570,Perfumes de hombre,Al Haramain,Amber Oud Gold Edition,Eau de Parfum unisex 60 ml,"104,22€",-15 %,"54,50",4.9,17
571,Perfumes de hombre,Rasasi,Shuhrah Pour Homme,Eau de Parfum para hombre 90 ml,"47,80€",-15 %,"24,70",4.3,129
572,Perfumes de hombre,Lattafa,Pride Ishq Al Shuyukh Gold,Eau de Parfum unisex 100 ml,Es el precio con desc,-15 %,"56,00",Sin valoracion,Sin valoraciones
573,Perfumes de hombre,Afnan,9 PM,Eau de Parfum para hombre 100 ml,Es el precio con desc,-15 %,"41,10",Sin valoracion,Sin valoraciones
574,Perfumes de hombre,Al Haramain,Amber Oud Tobacco Edition,Eau de Parfum unisex 60 ml,"96,03€",-15 %,"54,30",4.6,29
575,Perfumes de hombre,Versace,Pour Homme Oud Noir,Eau de Parfum para hombre 100 ml,Es el precio con desc,-15 %,"110,00",Sin valoracion,Sin valoraciones
576,Perfumes de hombre,Bentley,For Men Intense,Eau de Parfum para hombre 100 ml,"89,00€",-15 %,"29,50",4.5,123
577,Perfumes de hombre,Lattafa,Badee Al Oud Oud For Glory,Eau de Parfum unisex 100 ml,"27,70€",Sin descuento,"26,00",4.4,12
578,Perfumes de hombre,Lattafa,Fakhar Lattafa Men,Eau de Parfum para hombre 100 ml,"36,70€",-15 %,"18,30",4.2,9
579,Perfumes de hombre,Lattafa,Ameer Al Oudh Intense Oud,Eau de Parfum unisex 100 ml,"33,70€",-15 %,"20,80",4.3,25
580,Perfumes de hombre,Lattafa,Asad,Eau de Parfum para hombre 100 ml,"60,10€",-15 %,"25,50",4.6,19
581,Perfumes de hombre,Lattafa,Qaed Al Fursan,Eau de Parfum unisex 90 ml,"28,00€",-15 %,"18,20",4.4,18
582,Perfumes de hombre,Afnan,Supremacy Not Only Intense,extracto de perfume para hombre 100 ml,Es el precio con desc,-15 %,"49,90",Sin valoracion,Sin valoraciones
583,Perfumes de hombre,Lattafa,Badee Al Oud Ametyst,Eau de Parfum para mujer 100 ml,"49,50€",-15 %,"32,00",4.2,23
584,Perfumes de hombre,Al Haramain,Détour noir,Eau de Parfum para hombre 100 ml,"59,30€",-15 %,"31,70",4.4,16
585,Perfumes de hombre,Rasasi,Daarej Pour Homme,Eau de Parfum para hombre 100 ml,"34,80€",-15 %,"17,80",4.3,53
586,Perfumes de hombre,Lattafa,Sheikh Al Shuyukh Luxe Edition,Eau de Parfum unisex 100 ml,"27,30€",-15 %,"18,20",4.6,27
587,Perfumes de hombre,Afnan,Turathi Blue Homme,Eau de Parfum para hombre 90 ml,"37,20€",-15 %,"34,90",4.6,44
588,Perfumes de hombre,Lattafa,Opulent Red,Eau de Parfum unisex 100 ml,"32,80€",-15 %,"18,10",4.7,29
589,Perfumes de hombre,Rasasi,Shuhrah Pour Homme,Eau de Parfum para hombre 90 ml,"47,80€",-15 %,"24,70",4.3,129
590,Perfumes de hombre,Al Haramain,Amber Oud Gold Edition,Eau de Parfum unisex 60 ml,"104,22€",-15 %,"54,50",4.9,17
591,Perfumes de hombre,Afnan,9 PM,Eau de Parfum para hombre 100 ml,Es el precio con desc,-15 %,"41,10",Sin valoracion,Sin valoraciones
592,Perfumes de hombre,Lattafa,Pride Ishq Al Shuyukh Gold,Eau de Parfum unisex 100 ml,Es el precio con desc,-15 %,"56,00",Sin valoracion,Sin valoraciones
593,Perfumes de hombre,Al Haramain,Amber Oud Tobacco Edition,Eau de Parfum unisex 60 ml,"96,03€",-15 %,"54,30",4.6,29
594,Perfumes de hombre,Al Haramain,L'Aventure,Eau de Parfum para hombre,"21,20€",Sin descuento,"19,90",4.3,18
595,Perfumes de hombre,Just Jack,Tobacco Leaf,Eau de Parfum unisex,"27,49€",-15 %,"11,50",4.7,22
596,Perfumes de hombre,Lalique,Encre Noire A L'Extreme,Eau de Parfum para hombre 100 ml,"123,00€",-15 %,"29,80",4.4,40
597,Perfumes de hombre,Lattafa,Opulent Oud,Eau de Parfum unisex 100 ml,"28,40€",-15 %,"22,90",4.7,10
598,Perfumes de hombre,Rasasi,Fattan Pour Homme,Eau de Parfum para hombre 50 ml,"28,40€",-15 %,"14,50",4.4,29
599,Perfumes de hombre,Lattafa,Malik Al Tayoor Concentrated,Eau de Parfum unisex 100 ml,"26,50€",-15 %,"14,90",4.2,4
