,categoria,marca,nombre,tipo,precio_sin_desc,descuento,precio_con_desc,valoracion,num_valoraciones,Unnamed: 0
0,Perfumes de hombre,Lattafa,Asad,Eau de Parfum para hombre 100 ml,"60,10€",-15 %,"25,50",4.6,19,
1,Perfumes de hombre,Lattafa,Badee Al Oud Oud For Glory,Eau de Parfum unisex 100 ml,"27,70€",Sin descuento,"26,00",4.4,12,
2,Perfumes de hombre,Lattafa,Fakhar Lattafa Men,Eau de Parfum para hombre 100 ml,"36,70€",-15 %,"18,30",4.3,10,
3,Perfumes de hombre,Bentley,For Men Intense,Eau de Parfum para hombre 100 ml,"89,00€",-15 %,"29,50",4.5,123,
4,Perfumes de hombre,Lattafa,Ameer Al Oudh Intense Oud,Eau de Parfum unisex 100 ml,"33,70€",-15 %,"21,40",4.3,25,
5,Perfumes de hombre,Lattafa,Qaed Al Fursan,Eau de Parfum unisex 90 ml,"28,00€",-15 %,"18,80",4.4,18,
6,Perfumes de hombre,Afnan,Supremacy Not Only Intense,extracto de perfume para hombre 100 ml,Es el precio con desc,-15 %,"51,40",Sin valoracion,Sin valoraciones,
7,Perfumes de hombre,Lattafa,Badee Al Oud Ametyst,Eau de Parfum para mujer 100 ml,"49,50€",-15 %,"32,00",4.2,23,
8,Perfumes de hombre,Afnan,Turathi Blue Homme,Eau de Parfum para hombre 90 ml,"37,20€",-15 %,"36,00",4.6,44,
9,Perfumes de hombre,Al Haramain,Amber Oud Gold Edition,Eau de Parfum unisex 60 ml,"104,22€",-15 %,"56,10",4.9,17,
10,Perfumes de hombre,Al Haramain,Détour noir,Eau de Parfum para hombre 100 ml,"59,30€",-15 %,"31,70",4.4,16,
11,Perfumes de hombre,Lattafa,Opulent Red,Eau de Parfum unisex 100 ml,"32,80€",-15 %,"18,60",4.7,29,
12,Perfumes de hombre,Rasasi,Daarej Pour Homme,Eau de Parfum para hombre 100 ml,"34,80€",-15 %,"19,00",4.3,53,
13,Perfumes de hombre,Lattafa,Sheikh Al Shuyukh Luxe Edition,Eau de Parfum unisex 100 ml,"27,30€",-15 %,"18,80",4.6,27,
14,Perfumes de hombre,Rasasi,Shuhrah Pour Homme,Eau de Parfum para hombre 90 ml,"47,80€",-15 %,"25,40",4.3,129,
15,Perfumes de hombre,Lattafa,Pride Ishq Al Shuyukh Gold,Eau de Parfum unisex 100 ml,Es el precio con desc,-15 %,"56,00",Sin valoracion,Sin valoraciones,
16,Perfumes de hombre,Afnan,9 PM,Eau de Parfum para hombre 100 ml,Es el precio con desc,-15 %,"41,10",Sin valoracion,Sin valoraciones,
17,Perfumes de hombre,Just Jack,Tobacco Leaf,Eau de Parfum unisex,"27,49€",-15 %,"11,50",4.7,22,
18,Perfumes de hombre,Rasasi,Fattan Pour Homme,Eau de Parfum para hombre 50 ml,"28,40€",-15 %,"15,40",4.4,30,
19,Perfumes de hombre,Lattafa,Opulent Oud,Eau de Parfum unisex 100 ml,"28,40€",-15 %,"23,60",4.7,10,
20,Perfumes de hombre,Al Haramain,L'Aventure,Eau de Parfum para hombre,"21,20€",Sin descuento,"19,90",4.3,18,
21,Perfumes de hombre,Lattafa,Maahir Black Edition,Eau de Parfum unisex 100 ml,"46,20€",-15 %,"27,50",4,4,
22,Perfumes de hombre,Lalique,Encre Noire A L'Extreme,Eau de Parfum para hombre 100 ml,"123,00€",-15 %,"30,70",4.4,40,
23,Perfumes de hombre,Lattafa,Malik Al Tayoor Concentrated,Eau de Parfum unisex 100 ml,"26,50€",-15 %,"14,90",4.2,4,
24,Perfumes de hombre,Lattafa,Asad,Eau de Parfum para hombre 100 ml,"60,10€",-15 %,"25,50",4.6,19,
25,Perfumes de hombre,Lattafa,Badee Al Oud Oud For Glory,Eau de Parfum unisex 100 ml,"27,70€",Sin descuento,"26,00",4.4,12,
26,Perfumes de hombre,Lattafa,Fakhar Lattafa Men,Eau de Parfum para hombre 100 ml,"36,70€",-15 %,"18,30",4.3,10,
27,Perfumes de hombre,Bentley,For Men Intense,Eau de Parfum para hombre 100 ml,"89,00€",-15 %,"29,50",4.5,123,
28,Perfumes de hombre,Lattafa,Ameer Al Oudh Intense Oud,Eau de Parfum unisex 100 ml,"33,70€",-15 %,"21,40",4.3,25,
29,Perfumes de hombre,Lattafa,Qaed Al Fursan,Eau de Parfum unisex 90 ml,"28,00€",-15 %,"18,80",4.4,18,
30,Perfumes de hombre,Afnan,Supremacy Not Only Intense,extracto de perfume para hombre 100 ml,Es el precio con desc,-15 %,"51,40",Sin valoracion,Sin valoraciones,
31,Perfumes de hombre,Lattafa,Badee Al Oud Ametyst,Eau de Parfum para mujer 100 ml,"49,50€",-15 %,"32,00",4.2,23,
32,Perfumes de hombre,Afnan,Turathi Blue Homme,Eau de Parfum para hombre 90 ml,"37,20€",-15 %,"36,00",4.6,44,
33,Perfumes de hombre,Al Haramain,Amber Oud Gold Edition,Eau de Parfum unisex 60 ml,"104,22€",-15 %,"56,10",4.9,17,
34,Perfumes de hombre,Al Haramain,Détour noir,Eau de Parfum para hombre 100 ml,"59,30€",-15 %,"31,70",4.4,16,
35,Perfumes de hombre,Lattafa,Opulent Red,Eau de Parfum unisex 100 ml,"32,80€",-15 %,"18,60",4.7,29,
36,Perfumes de hombre,Rasasi,Daarej Pour Homme,Eau de Parfum para hombre 100 ml,"34,80€",-15 %,"19,00",4.3,53,
37,Perfumes de hombre,Lattafa,Sheikh Al Shuyukh Luxe Edition,Eau de Parfum unisex 100 ml,"27,30€",-15 %,"18,80",4.6,27,
38,Perfumes de hombre,Rasasi,Shuhrah Pour Homme,Eau de Parfum para hombre 90 ml,"47,80€",-15 %,"25,40",4.3,129,
39,Perfumes de hombre,Lattafa,Pride Ishq Al Shuyukh Gold,Eau de Parfum unisex 100 ml,Es el precio con desc,-15 %,"56,00",Sin valoracion,Sin valoraciones,
40,Perfumes de hombre,Afnan,9 PM,Eau de Parfum para hombre 100 ml,Es el precio con desc,-15 %,"41,10",Sin valoracion,Sin valoraciones,
41,Perfumes de hombre,Just Jack,Tobacco Leaf,Eau de Parfum unisex,"27,49€",-15 %,"11,50",4.7,22,
42,Perfumes de hombre,Rasasi,Fattan Pour Homme,Eau de Parfum para hombre 50 ml,"28,40€",-15 %,"15,40",4.4,30,
43,Perfumes de hombre,Lattafa,Opulent Oud,Eau de Parfum unisex 100 ml,"28,40€",-15 %,"23,60",4.7,10,
44,Perfumes de hombre,Al Haramain,L'Aventure,Eau de Parfum para hombre,"21,20€",Sin descuento,"19,90",4.3,18,
45,Perfumes de hombre,Lattafa,Maahir Black Edition,Eau de Parfum unisex 100 ml,"46,20€",-15 %,"27,50",4,4,
46,Perfumes de hombre,Lalique,Encre Noire A L'Extreme,Eau de Parfum para hombre 100 ml,"123,00€",-15 %,"30,70",4.4,40,
47,Perfumes de hombre,Lattafa,Malik Al Tayoor Concentrated,Eau de Parfum unisex 100 ml,"26,50€",-15 %,"14,90",4.2,4,
48,Perfumes de hombre,Fragrance Du Bois,Sahraa,perfume unisex,Es el precio con desc,-15 %,"367,10",Sin valoracion,Sin valoraciones,
49,Perfumes de hombre,Fragrance Du Bois,Secret Tryst,extracto de perfume unisex 100 ml,Es el precio con desc,-15 %,"309,00",Sin valoracion,Sin valoraciones,
50,Perfumes de hombre,Unique'e Luxury,Beril,extracto de perfume unisex 100 ml,Es el precio con desc,-15 %,"291,60",Sin valoracion,Sin valoraciones,
51,Perfumes de hombre,Fragrance Du Bois,Cannabis Blue,perfume unisex 100 ml,Es el precio con desc,-15 %,"298,70",Sin valoracion,Sin valoraciones,
52,Perfumes de hombre,Fragrance Du Bois,Milano,perfume unisex 100 ml,Es el precio con desc,-15 %,"215,80",Sin valoracion,Sin valoraciones,
53,Perfumes de hombre,Fragrance Du Bois,Solstis,perfume unisex,Es el precio con desc,-15 %,"327,90",Sin valoracion,Sin valoraciones,
54,Perfumes de hombre,Fragrance Du Bois,Oud Rose Intense,perfume unisex 100 ml,Es el precio con desc,-15 %,"512,50",Sin valoracion,Sin valoraciones,
55,Perfumes de hombre,Iceberg,Change the Flow,Eau de Toilette para hombre,Es el precio con desc,-15 %,"19,40",Sin valoracion,Sin valoraciones,
56,Perfumes de hombre,Fragrance Du Bois,Amber Intense,perfume unisex 100 ml,Es el precio con desc,-15 %,"618,20",Sin valoracion,Sin valoraciones,
57,Perfumes de hombre,Armani,Acqua di Giò Parfum,perfume para hombre,Es el precio con desc,Sin descuento,"60,00",Sin valoracion,Sin valoraciones,
58,Perfumes de hombre,Matiere Premiere,Cologne Cédrat,Eau de Parfum unisex,Es el precio con desc,-15 %,"222,30",Sin valoracion,Sin valoraciones,
59,Perfumes de hombre,Sospiro,Afgano Puro,Eau de Parfum unisex 100 ml,Es el precio con desc,-15 %,"259,00",Sin valoracion,Sin valoraciones,
60,Perfumes de hombre,Sospiro,Cadenza,Eau de Parfum unisex 100 ml,Es el precio con desc,-15 %,"197,70",Sin valoracion,Sin valoraciones,
61,Perfumes de hombre,Sospiro,Erba Pura Magica,Eau de Parfum unisex 100 ml,Es el precio con desc,-15 %,"193,00",Sin valoracion,Sin valoraciones,
62,Perfumes de hombre,Sospiro,Liberto,Eau de Parfum unisex 100 ml,Es el precio con desc,-15 %,"228,40",Sin valoracion,Sin valoraciones,
63,Perfumes de hombre,Ormonde Jayne,Indus,Eau de Parfum unisex 50 ml,Es el precio con desc,-15 %,"132,50",Sin valoracion,Sin valoraciones,
64,Perfumes de hombre,Sospiro,Accento Viola,Eau de Parfum unisex 100 ml,Es el precio con desc,-15 %,"272,20",Sin valoracion,Sin valoraciones,
65,Perfumes de hombre,Sospiro,Tenore,Eau de Parfum unisex 100 ml,Es el precio con desc,-15 %,"228,40",Sin valoracion,Sin valoraciones,
66,Perfumes de hombre,Sospiro,Opera Grande,Eau de Parfum unisex 100 ml,Es el precio con desc,-15 %,"259,00",Sin valoracion,Sin valoraciones,
67,Perfumes de hombre,Sospiro,Prima Donna,Eau de Parfum unisex 100 ml,Es el precio con desc,-15 %,"197,70",Sin valoracion,Sin valoraciones,
68,Perfumes de hombre,Sospiro,Erba Oud,Eau de Parfum unisex 100 ml,Es el precio con desc,-15 %,"228,10",Sin valoracion,Sin valoraciones,
69,Perfumes de hombre,ARTEMIS,MEN The Fragrance,spray corporal estimulante para hombre 75 ml,Es el precio con desc,-15 %,"50,90",Sin valoracion,Sin valoraciones,
70,Perfumes de hombre,Floraïku,Friday Night,set unisex,Es el precio con desc,-15 %,"307,30",Sin valoracion,Sin valoraciones,
71,Perfumes de hombre,Floraïku,My love has the color of the night,set unisex,Es el precio con desc,-15 %,"181,40",Sin valoracion,Sin valoraciones,
72,Perfumes de hombre,Afnan,Supremacy Not Only Intense,extracto de perfume para hombre 100 ml,Es el precio con desc,-15 %,"51,40",Sin valoracion,Sin valoraciones,
73,Perfumes de hombre,Lattafa,Pride Eternal Oud,Eau de Parfum unisex 100 ml,Es el precio con desc,-15 %,"56,00",Sin valoracion,Sin valoraciones,
74,Perfumes de hombre,Lattafa,Asad,Eau de Parfum para hombre 100 ml,"60,10€",-15 %,"25,50",4.6,19,
75,Perfumes de hombre,Lattafa,Badee Al Oud Oud For Glory,Eau de Parfum unisex 100 ml,"27,70€",Sin descuento,"26,00",4.4,12,
76,Perfumes de hombre,Versace,Eros Flame,Eau de Parfum para hombre,"53,00€",Sin descuento,"49,80",4.5,6,
77,Perfumes de hombre,Lattafa,Fakhar Lattafa Men,Eau de Parfum para hombre 100 ml,"36,70€",-15 %,"18,30",4.3,10,
78,Perfumes de hombre,Bentley,For Men Intense,Eau de Parfum para hombre 100 ml,"89,00€",-15 %,"29,50",4.5,123,
79,Perfumes de hombre,Lattafa,Ameer Al Oudh Intense Oud,Eau de Parfum unisex 100 ml,"33,70€",-15 %,"21,40",4.3,25,
80,Perfumes de hombre,Afnan,Supremacy In Oud,Eau de Parfum unisex 100 ml,"51,20€",-15 %,"46,10",4.5,2,
81,Perfumes de hombre,Carolina Herrera,212 VIP Black,Eau de Parfum para hombre,Es el precio con desc,Sin descuento,"48,00",Sin valoracion,Sin valoraciones,
82,Perfumes de hombre,Lattafa,Qaed Al Fursan,Eau de Parfum unisex 90 ml,"28,00€",-15 %,"18,80",4.4,18,
83,Perfumes de hombre,Afnan,Supremacy Silver,Eau de Parfum para hombre 100 ml,Es el precio con desc,-15 %,"37,20",Sin valoracion,Sin valoraciones,
84,Perfumes de hombre,Lattafa,Badee Al Oud Ametyst,Eau de Parfum para mujer 100 ml,"49,50€",-15 %,"32,00",4.2,23,
85,Perfumes de hombre,Versace,Pour Homme Oud Noir,Eau de Parfum para hombre 100 ml,Es el precio con desc,-15 %,"110,00",Sin valoracion,Sin valoraciones,
86,Perfumes de hombre,Al Haramain,Amber Oud Gold Edition,Eau de Parfum unisex 60 ml,"104,22€",-15 %,"56,10",4.9,17,
87,Perfumes de hombre,Afnan,Turathi Blue Homme,Eau de Parfum para hombre 90 ml,"37,20€",-15 %,"36,00",4.6,44,
88,Perfumes de hombre,Lattafa,Opulent Red,Eau de Parfum unisex 100 ml,"32,80€",-15 %,"18,60",4.7,29,
89,Perfumes de hombre,Al Haramain,Détour noir,Eau de Parfum para hombre 100 ml,"59,30€",-15 %,"31,70",4.4,16,
90,Perfumes de hombre,Lattafa,Sheikh Al Shuyukh Luxe Edition,Eau de Parfum unisex 100 ml,"27,30€",-15 %,"18,80",4.6,27,
91,Perfumes de hombre,Rasasi,Daarej Pour Homme,Eau de Parfum para hombre 100 ml,"34,80€",-15 %,"19,00",4.3,53,
92,Perfumes de hombre,Lattafa,Pride Ishq Al Shuyukh Gold,Eau de Parfum unisex 100 ml,Es el precio con desc,-15 %,"56,00",Sin valoracion,Sin valoraciones,
93,Perfumes de hombre,Rasasi,Shuhrah Pour Homme,Eau de Parfum para hombre 90 ml,"47,80€",-15 %,"25,40",4.3,129,
94,Perfumes de hombre,Afnan,9 PM,Eau de Parfum para hombre 100 ml,Es el precio con desc,-15 %,"41,10",Sin valoracion,Sin valoraciones,
95,Perfumes de hombre,Just Jack,Tobacco Leaf,Eau de Parfum unisex,"27,49€",-15 %,"11,50",4.7,22,
96,Perfumes de hombre,Lattafa,Asad,Eau de Parfum para hombre 100 ml,"60,10€",-15 %,"25,50",4.6,19,
97,Perfumes de hombre,Lattafa,Badee Al Oud Oud For Glory,Eau de Parfum unisex 100 ml,"27,70€",Sin descuento,"26,00",4.4,12,
98,Perfumes de hombre,Lattafa,Fakhar Lattafa Men,Eau de Parfum para hombre 100 ml,"36,70€",-15 %,"18,30",4.3,10,
99,Perfumes de hombre,Bentley,For Men Intense,Eau de Parfum para hombre 100 ml,"89,00€",-15 %,"29,50",4.5,123,
100,Perfumes de hombre,Lattafa,Ameer Al Oudh Intense Oud,Eau de Parfum unisex 100 ml,"33,70€",-15 %,"21,40",4.3,25,
101,Perfumes de hombre,Lattafa,Qaed Al Fursan,Eau de Parfum unisex 90 ml,"28,00€",-15 %,"18,80",4.4,18,
102,Perfumes de hombre,Afnan,Supremacy Not Only Intense,extracto de perfume para hombre 100 ml,Es el precio con desc,-15 %,"51,40",Sin valoracion,Sin valoraciones,
103,Perfumes de hombre,Lattafa,Badee Al Oud Ametyst,Eau de Parfum para mujer 100 ml,"49,50€",-15 %,"32,00",4.2,23,
104,Perfumes de hombre,Afnan,Turathi Blue Homme,Eau de Parfum para hombre 90 ml,"37,20€",-15 %,"36,00",4.6,44,
105,Perfumes de hombre,Al Haramain,Amber Oud Gold Edition,Eau de Parfum unisex 60 ml,"104,22€",-15 %,"56,10",4.9,17,
106,Perfumes de hombre,Al Haramain,Détour noir,Eau de Parfum para hombre 100 ml,"59,30€",-15 %,"31,70",4.4,16,
107,Perfumes de hombre,Lattafa,Opulent Red,Eau de Parfum unisex 100 ml,"32,80€",-15 %,"18,60",4.7,29,
108,Perfumes de hombre,Rasasi,Daarej Pour Homme,Eau de Parfum para hombre 100 ml,"34,80€",-15 %,"19,00",4.3,53,
109,Perfumes de hombre,Lattafa,Sheikh Al Shuyukh Luxe Edition,Eau de Parfum unisex 100 ml,"27,30€",-15 %,"18,80",4.6,27,
110,Perfumes de hombre,Rasasi,Shuhrah Pour Homme,Eau de Parfum para hombre 90 ml,"47,80€",-15 %,"25,40",4.3,129,
111,Perfumes de hombre,Lattafa,Pride Ishq Al Shuyukh Gold,Eau de Parfum unisex 100 ml,Es el precio con desc,-15 %,"56,00",Sin valoracion,Sin valoraciones,
112,Perfumes de hombre,Afnan,9 PM,Eau de Parfum para hombre 100 ml,Es el precio con desc,-15 %,"41,10",Sin valoracion,Sin valoraciones,
113,Perfumes de hombre,Just Jack,Tobacco Leaf,Eau de Parfum unisex,"27,49€",-15 %,"11,50",4.7,22,
114,Perfumes de hombre,Rasasi,Fattan Pour Homme,Eau de Parfum para hombre 50 ml,"28,40€",-15 %,"15,40",4.4,30,
115,Perfumes de hombre,Lattafa,Opulent Oud,Eau de Parfum unisex 100 ml,"28,40€",-15 %,"23,60",4.7,10,
116,Perfumes de hombre,Al Haramain,L'Aventure,Eau de Parfum para hombre,"21,20€",Sin descuento,"19,90",4.3,18,
117,Perfumes de hombre,Lattafa,Maahir Black Edition,Eau de Parfum unisex 100 ml,"46,20€",-15 %,"27,50",4,4,
118,Perfumes de hombre,Lalique,Encre Noire A L'Extreme,Eau de Parfum para hombre 100 ml,"123,00€",-15 %,"30,70",4.4,40,
119,Perfumes de hombre,Lattafa,Malik Al Tayoor Concentrated,Eau de Parfum unisex 100 ml,"26,50€",-15 %,"14,90",4.2,4,
0,Perfumes de hombre,Afnan,Supremacy Not Only Intense,extracto de perfume para hombre 100 ml,Es el precio con desc,-15 %,"51,40",Sin valoracion,Sin valoraciones,0.0
1,Perfumes de hombre,Lattafa,Pride Eternal Oud,Eau de Parfum unisex 100 ml,Es el precio con desc,-15 %,"56,00",Sin valoracion,Sin valoraciones,1.0
2,Perfumes de hombre,Lattafa,Asad,Eau de Parfum para hombre 100 ml,"60,10€",-15 %,"25,50",4.6,19,2.0
3,Perfumes de hombre,Lattafa,Badee Al Oud Oud For Glory,Eau de Parfum unisex 100 ml,"27,70€",Sin descuento,"26,00",4.4,12,3.0
4,Perfumes de hombre,Versace,Eros Flame,Eau de Parfum para hombre,"53,00€",Sin descuento,"49,80",4.5,6,4.0
5,Perfumes de hombre,Lattafa,Fakhar Lattafa Men,Eau de Parfum para hombre 100 ml,"36,70€",-15 %,"18,30",4.3,10,5.0
6,Perfumes de hombre,Bentley,For Men Intense,Eau de Parfum para hombre 100 ml,"89,00€",-15 %,"29,50",4.5,123,6.0
7,Perfumes de hombre,Lattafa,Ameer Al Oudh Intense Oud,Eau de Parfum unisex 100 ml,"33,70€",-15 %,"21,40",4.3,25,7.0
8,Perfumes de hombre,Afnan,Supremacy In Oud,Eau de Parfum unisex 100 ml,"51,20€",-15 %,"46,10",4.5,2,8.0
9,Perfumes de hombre,Lattafa,Qaed Al Fursan,Eau de Parfum unisex 90 ml,"28,00€",-15 %,"18,80",4.4,18,9.0
10,Perfumes de hombre,Carolina Herrera,212 VIP Black,Eau de Parfum para hombre,Es el precio con desc,Sin descuento,"48,00",Sin valoracion,Sin valoraciones,10.0
11,Perfumes de hombre,Afnan,Supremacy Silver,Eau de Parfum para hombre 100 ml,Es el precio con desc,-15 %,"37,20",Sin valoracion,Sin valoraciones,11.0
12,Perfumes de hombre,Lattafa,Badee Al Oud Ametyst,Eau de Parfum para mujer 100 ml,"49,50€",-15 %,"32,00",4.2,23,12.0
13,Perfumes de hombre,Versace,Pour Homme Oud Noir,Eau de Parfum para hombre 100 ml,Es el precio con desc,-15 %,"110,00",Sin valoracion,Sin valoraciones,13.0
14,Perfumes de hombre,Al Haramain,Amber Oud Gold Edition,Eau de Parfum unisex 60 ml,"104,22€",-15 %,"56,10",4.9,17,14.0
15,Perfumes de hombre,Afnan,Turathi Blue Homme,Eau de Parfum para hombre 90 ml,"37,20€",-15 %,"36,00",4.6,44,15.0
16,Perfumes de hombre,Lattafa,Opulent Red,Eau de Parfum unisex 100 ml,"32,80€",-15 %,"18,60",4.7,29,16.0
17,Perfumes de hombre,Al Haramain,Détour noir,Eau de Parfum para hombre 100 ml,"59,30€",-15 %,"31,70",4.4,16,17.0
18,Perfumes de hombre,Lattafa,Sheikh Al Shuyukh Luxe Edition,Eau de Parfum unisex 100 ml,"27,30€",-15 %,"18,80",4.6,27,18.0
19,Perfumes de hombre,Rasasi,Daarej Pour Homme,Eau de Parfum para hombre 100 ml,"34,80€",-15 %,"19,00",4.3,53,19.0
20,Perfumes de hombre,Lattafa,Pride Ishq Al Shuyukh Gold,Eau de Parfum unisex 100 ml,Es el precio con desc,-15 %,"56,00",Sin valoracion,Sin valoraciones,20.0
21,Perfumes de hombre,Rasasi,Shuhrah Pour Homme,Eau de Parfum para hombre 90 ml,"47,80€",-15 %,"25,40",4.3,129,21.0
22,Perfumes de hombre,Afnan,9 PM,Eau de Parfum para hombre 100 ml,Es el precio con desc,-15 %,"41,10",Sin valoracion,Sin valoraciones,22.0
23,Perfumes de hombre,Just Jack,Tobacco Leaf,Eau de Parfum unisex,"27,49€",-15 %,"11,50",4.7,22,23.0
24,Perfumes de hombre,Afnan,Supremacy Not Only Intense,extracto de perfume para hombre 100 ml,Es el precio con desc,-15 %,"51,40",Sin valoracion,Sin valoraciones,24.0
25,Perfumes de hombre,Lattafa,Pride Eternal Oud,Eau de Parfum unisex 100 ml,Es el precio con desc,-15 %,"56,00",Sin valoracion,Sin valoraciones,25.0
26,Perfumes de hombre,Lattafa,Asad,Eau de Parfum para hombre 100 ml,"60,10€",-15 %,"25,50",4.6,19,26.0
27,Perfumes de hombre,Lattafa,Badee Al Oud Oud For Glory,Eau de Parfum unisex 100 ml,"27,70€",Sin descuento,"26,00",4.4,12,27.0
28,Perfumes de hombre,Versace,Eros Flame,Eau de Parfum para hombre,"53,00€",Sin descuento,"49,80",4.5,6,28.0
29,Perfumes de hombre,Lattafa,Fakhar Lattafa Men,Eau de Parfum para hombre 100 ml,"36,70€",-15 %,"18,30",4.3,10,29.0
30,Perfumes de hombre,Bentley,For Men Intense,Eau de Parfum para hombre 100 ml,"89,00€",-15 %,"29,50",4.5,123,30.0
31,Perfumes de hombre,Lattafa,Ameer Al Oudh Intense Oud,Eau de Parfum unisex 100 ml,"33,70€",-15 %,"21,40",4.3,25,31.0
32,Perfumes de hombre,Afnan,Supremacy In Oud,Eau de Parfum unisex 100 ml,"51,20€",-15 %,"46,10",4.5,2,32.0
33,Perfumes de hombre,Lattafa,Qaed Al Fursan,Eau de Parfum unisex 90 ml,"28,00€",-15 %,"18,80",4.4,18,33.0
34,Perfumes de hombre,Carolina Herrera,212 VIP Black,Eau de Parfum para hombre,Es el precio con desc,Sin descuento,"48,00",Sin valoracion,Sin valoraciones,34.0
35,Perfumes de hombre,Afnan,Supremacy Silver,Eau de Parfum para hombre 100 ml,Es el precio con desc,-15 %,"37,20",Sin valoracion,Sin valoraciones,35.0
36,Perfumes de hombre,Lattafa,Badee Al Oud Ametyst,Eau de Parfum para mujer 100 ml,"49,50€",-15 %,"32,00",4.2,23,36.0
37,Perfumes de hombre,Versace,Pour Homme Oud Noir,Eau de Parfum para hombre 100 ml,Es el precio con desc,-15 %,"110,00",Sin valoracion,Sin valoraciones,37.0
38,Perfumes de hombre,Al Haramain,Amber Oud Gold Edition,Eau de Parfum unisex 60 ml,"104,22€",-15 %,"56,10",4.9,17,38.0
39,Perfumes de hombre,Afnan,Turathi Blue Homme,Eau de Parfum para hombre 90 ml,"37,20€",-15 %,"36,00",4.6,44,39.0
40,Perfumes de hombre,Lattafa,Opulent Red,Eau de Parfum unisex 100 ml,"32,80€",-15 %,"18,60",4.7,29,40.0
41,Perfumes de hombre,Al Haramain,Détour noir,Eau de Parfum para hombre 100 ml,"59,30€",-15 %,"31,70",4.4,16,41.0
42,Perfumes de hombre,Lattafa,Sheikh Al Shuyukh Luxe Edition,Eau de Parfum unisex 100 ml,"27,30€",-15 %,"18,80",4.6,27,42.0
43,Perfumes de hombre,Rasasi,Daarej Pour Homme,Eau de Parfum para hombre 100 ml,"34,80€",-15 %,"19,00",4.3,53,43.0
44,Perfumes de hombre,Lattafa,Pride Ishq Al Shuyukh Gold,Eau de Parfum unisex 100 ml,Es el precio con desc,-15 %,"56,00",Sin valoracion,Sin valoraciones,44.0
45,Perfumes de hombre,Rasasi,Shuhrah Pour Homme,Eau de Parfum para hombre 90 ml,"47,80€",-15 %,"25,40",4.3,129,45.0
46,Perfumes de hombre,Afnan,9 PM,Eau de Parfum para hombre 100 ml,Es el precio con desc,-15 %,"41,10",Sin valoracion,Sin valoraciones,46.0
47,Perfumes de hombre,Just Jack,Tobacco Leaf,Eau de Parfum unisex,"27,49€",-15 %,"11,50",4.7,22,47.0
48,Perfumes de hombre,Lattafa,Asad,Eau de Parfum para hombre 100 ml,"60,10€",-15 %,"25,50",4.6,19,48.0
49,Perfumes de hombre,Lattafa,Badee Al Oud Oud For Glory,Eau de Parfum unisex 100 ml,"27,70€",Sin descuento,"26,00",4.4,12,49.0
50,Perfumes de hombre,Lattafa,Fakhar Lattafa Men,Eau de Parfum para hombre 100 ml,"36,70€",-15 %,"18,30",4.3,10,50.0
51,Perfumes de hombre,Bentley,For Men Intense,Eau de Parfum para hombre 100 ml,"89,00€",-15 %,"29,50",4.5,123,51.0
52,Perfumes de hombre,Lattafa,Ameer Al Oudh Intense Oud,Eau de Parfum unisex 100 ml,"33,70€",-15 %,"21,40",4.3,25,52.0
53,Perfumes de hombre,Lattafa,Qaed Al Fursan,Eau de Parfum unisex 90 ml,"28,00€",-15 %,"18,80",4.4,18,53.0
54,Perfumes de hombre,Afnan,Supremacy Not Only Intense,extracto de perfume para hombre 100 ml,Es el precio con desc,-15 %,"51,40",Sin valoracion,Sin valoraciones,54.0
55,Perfumes de hombre,Lattafa,Badee Al Oud Ametyst,Eau de Parfum para mujer 100 ml,"49,50€",-15 %,"32,00",4.2,23,55.0
56,Perfumes de hombre,Afnan,Turathi Blue Homme,Eau de Parfum para hombre 90 ml,"37,20€",-15 %,"36,00",4.6,44,56.0
57,Perfumes de hombre,Al Haramain,Amber Oud Gold Edition,Eau de Parfum unisex 60 ml,"104,22€",-15 %,"56,10",4.9,17,57.0
58,Perfumes de hombre,Al Haramain,Détour noir,Eau de Parfum para hombre 100 ml,"59,30€",-15 %,"31,70",4.4,16,58.0
59,Perfumes de hombre,Lattafa,Opulent Red,Eau de Parfum unisex 100 ml,"32,80€",-15 %,"18,60",4.7,29,59.0
60,Perfumes de hombre,Rasasi,Daarej Pour Homme,Eau de Parfum para hombre 100 ml,"34,80€",-15 %,"19,00",4.3,53,60.0
61,Perfumes de hombre,Lattafa,Sheikh Al Shuyukh Luxe Edition,Eau de Parfum unisex 100 ml,"27,30€",-15 %,"18,80",4.6,27,61.0
62,Perfumes de hombre,Rasasi,Shuhrah Pour Homme,Eau de Parfum para hombre 90 ml,"47,80€",-15 %,"25,40",4.3,129,62.0
63,Perfumes de hombre,Lattafa,Pride Ishq Al Shuyukh Gold,Eau de Parfum unisex 100 ml,Es el precio con desc,-15 %,"56,00",Sin valoracion,Sin valoraciones,63.0
64,Perfumes de hombre,Afnan,9 PM,Eau de Parfum para hombre 100 ml,Es el precio con desc,-15 %,"41,10",Sin valoracion,Sin valoraciones,64.0
65,Perfumes de hombre,Just Jack,Tobacco Leaf,Eau de Parfum unisex,"27,49€",-15 %,"11,50",4.7,22,65.0
66,Perfumes de hombre,Rasasi,Fattan Pour Homme,Eau de Parfum para hombre 50 ml,"28,40€",-15 %,"15,40",4.4,30,66.0
67,Perfumes de hombre,Lattafa,Opulent Oud,Eau de Parfum unisex 100 ml,"28,40€",-15 %,"23,60",4.7,10,67.0
68,Perfumes de hombre,Al Haramain,L'Aventure,Eau de Parfum para hombre,"21,20€",Sin descuento,"19,90",4.3,18,68.0
69,Perfumes de hombre,Lattafa,Maahir Black Edition,Eau de Parfum unisex 100 ml,"46,20€",-15 %,"27,50",4,4,69.0
70,Perfumes de hombre,Lalique,Encre Noire A L'Extreme,Eau de Parfum para hombre 100 ml,"123,00€",-15 %,"30,70",4.4,40,70.0
71,Perfumes de hombre,Lattafa,Malik Al Tayoor Concentrated,Eau de Parfum unisex 100 ml,"26,50€",-15 %,"14,90",4.2,4,71.0
72,Perfumes de hombre,Eutopie,No. 10,Eau de Parfum unisex 100 ml,Es el precio con desc,-15 %,"155,00",Sin valoracion,Sin valoraciones,72.0
73,Perfumes de hombre,Eutopie,No. 8,Eau de Parfum unisex 100 ml,Es el precio con desc,-15 %,"155,00",Sin valoracion,Sin valoraciones,73.0
74,Perfumes de hombre,Eutopie,No. 6,Eau de Parfum unisex 100 ml,Es el precio con desc,-15 %,"155,00",Sin valoracion,Sin valoraciones,74.0
75,Perfumes de hombre,Eutopie,No. 11,Eau de Parfum unisex 100 ml,Es el precio con desc,-15 %,"155,00",Sin valoracion,Sin valoraciones,75.0
76,Perfumes de hombre,Eutopie,No. 2,Eau de Parfum unisex 100 ml,Es el precio con desc,-15 %,"155,00",Sin valoracion,Sin valoraciones,76.0
77,Perfumes de hombre,Eutopie,No. 4,Eau de Parfum unisex 100 ml,Es el precio con desc,-15 %,"155,00",Sin valoracion,Sin valoraciones,77.0
78,Perfumes de hombre,Eutopie,No. 9,Eau de Parfum unisex 100 ml,Es el precio con desc,-15 %,"155,00",Sin valoracion,Sin valoraciones,78.0
79,Perfumes de hombre,Dolce&Gabbana,K by Dolce & Gabbana,Eau de Toilette para hombre,"109,00€",-15 %,"77,40",4.5,2,79.0
80,Perfumes de hombre,Banderas,Power of Seduction,Eau de Toilette para hombre,Es el precio con desc,-15 %,"13,90",Sin valoracion,Sin valoraciones,80.0
81,Perfumes de hombre,Banderas,The Secret Temptation,Eau de Toilette para hombre,Es el precio con desc,-15 %,"18,60",Sin valoracion,Sin valoraciones,81.0
82,Perfumes de hombre,Benetton,Colors de Benetton Man Green,Eau de Toilette para hombre 100 ml,Es el precio con desc,-15 %,"19,20",Sin valoracion,Sin valoraciones,82.0
83,Perfumes de hombre,Bois 1920,Classic 1920,Eau de Parfum unisex 100 ml,Es el precio con desc,-15 %,"106,00",Sin valoracion,Sin valoraciones,83.0
84,Perfumes de hombre,Roja Parfums,Great Britain,perfume unisex 100 ml,"1999,80€",-15 %,"1381,50",5,1,84.0
85,Perfumes de hombre,Creed,Aventus Cologne,Eau de Parfum para hombre,Es el precio con desc,-15 %,"243,60",Sin valoracion,Sin valoraciones,85.0
86,Perfumes de hombre,Calvin Klein,Eternity for Men,Eau de Parfum para hombre,"92,00€",-15 %,"40,80",3,2,86.0
87,Perfumes de hombre,Masaki Matsushima,Bois d'Hinoki,Eau de Parfum unisex 80 ml,"79,00€",-15 %,"63,20",4,1,87.0
88,Perfumes de hombre,Benetton,Colors de Benetton Man Blue,Eau de Toilette para hombre,Es el precio con desc,-15 %,"17,10",Sin valoracion,Sin valoraciones,88.0
89,Perfumes de hombre,Van Cleef & Arpels,Collection Extraordinaire Rose Rouge,Eau de Parfum unisex 75 ml,Es el precio con desc,-15 %,"152,50",Sin valoracion,Sin valoraciones,89.0
90,Perfumes de hombre,Police,To Be Tattooart,Eau de Toilette para hombre,Es el precio con desc,-15 %,"13,90",Sin valoracion,Sin valoraciones,90.0
91,Perfumes de hombre,Police,To Be Exotic Jungle,Eau de Toilette para hombre,Es el precio con desc,-15 %,"11,90",Sin valoracion,Sin valoraciones,91.0
92,Perfumes de hombre,Bois 1920,Itruk,Eau de Parfum unisex 100 ml,Es el precio con desc,Sin descuento,"136,30",Sin valoracion,Sin valoraciones,92.0
93,Perfumes de hombre,Bois 1920,Nagud,Eau de Parfum unisex 100 ml,Es el precio con desc,-15 %,"168,30",Sin valoracion,Sin valoraciones,93.0
94,Perfumes de hombre,Bois 1920,Come il Sole,Eau de Parfum unisex 100 ml,Es el precio con desc,-15 %,"105,00",Sin valoracion,Sin valoraciones,94.0
95,Perfumes de hombre,Just Jack,Simply Blanc,Eau de Parfum unisex,"23,52€",-15 %,"16,40",4.4,18,95.0
96,Perfumes de hombre,Lattafa,Asad,Eau de Parfum para hombre 100 ml,"60,10€",-15 %,"25,50",4.6,19,96.0
97,Perfumes de hombre,Lattafa,Badee Al Oud Oud For Glory,Eau de Parfum unisex 100 ml,"27,70€",Sin descuento,"26,00",4.4,12,97.0
98,Perfumes de hombre,Lattafa,Fakhar Lattafa Men,Eau de Parfum para hombre 100 ml,"36,70€",-15 %,"18,30",4.3,10,98.0
99,Perfumes de hombre,Bentley,For Men Intense,Eau de Parfum para hombre 100 ml,"89,00€",-15 %,"29,50",4.5,123,99.0
100,Perfumes de hombre,Lattafa,Ameer Al Oudh Intense Oud,Eau de Parfum unisex 100 ml,"33,70€",-15 %,"21,40",4.3,25,100.0
101,Perfumes de hombre,Lattafa,Qaed Al Fursan,Eau de Parfum unisex 90 ml,"28,00€",-15 %,"18,80",4.4,18,101.0
102,Perfumes de hombre,Afnan,Supremacy Not Only Intense,extracto de perfume para hombre 100 ml,Es el precio con desc,-15 %,"51,40",Sin valoracion,Sin valoraciones,102.0
103,Perfumes de hombre,Lattafa,Badee Al Oud Ametyst,Eau de Parfum para mujer 100 ml,"49,50€",-15 %,"32,00",4.2,23,103.0
104,Perfumes de hombre,Afnan,Turathi Blue Homme,Eau de Parfum para hombre 90 ml,"37,20€",-15 %,"36,00",4.6,44,104.0
105,Perfumes de hombre,Al Haramain,Amber Oud Gold Edition,Eau de Parfum unisex 60 ml,"104,22€",-15 %,"56,10",4.9,17,105.0
106,Perfumes de hombre,Al Haramain,Détour noir,Eau de Parfum para hombre 100 ml,"59,30€",-15 %,"31,70",4.4,16,106.0
107,Perfumes de hombre,Lattafa,Opulent Red,Eau de Parfum unisex 100 ml,"32,80€",-15 %,"18,60",4.7,29,107.0
108,Perfumes de hombre,Rasasi,Daarej Pour Homme,Eau de Parfum para hombre 100 ml,"34,80€",-15 %,"19,00",4.3,53,108.0
109,Perfumes de hombre,Lattafa,Sheikh Al Shuyukh Luxe Edition,Eau de Parfum unisex 100 ml,"27,30€",-15 %,"18,80",4.6,27,109.0
110,Perfumes de hombre,Rasasi,Shuhrah Pour Homme,Eau de Parfum para hombre 90 ml,"47,80€",-15 %,"25,40",4.3,129,110.0
111,Perfumes de hombre,Lattafa,Pride Ishq Al Shuyukh Gold,Eau de Parfum unisex 100 ml,Es el precio con desc,-15 %,"56,00",Sin valoracion,Sin valoraciones,111.0
112,Perfumes de hombre,Afnan,9 PM,Eau de Parfum para hombre 100 ml,Es el precio con desc,-15 %,"41,10",Sin valoracion,Sin valoraciones,112.0
113,Perfumes de hombre,Just Jack,Tobacco Leaf,Eau de Parfum unisex,"27,49€",-15 %,"11,50",4.7,22,113.0
114,Perfumes de hombre,Rasasi,Fattan Pour Homme,Eau de Parfum para hombre 50 ml,"28,40€",-15 %,"15,40",4.4,30,114.0
115,Perfumes de hombre,Lattafa,Opulent Oud,Eau de Parfum unisex 100 ml,"28,40€",-15 %,"23,60",4.7,10,115.0
116,Perfumes de hombre,Al Haramain,L'Aventure,Eau de Parfum para hombre,"21,20€",Sin descuento,"19,90",4.3,18,116.0
117,Perfumes de hombre,Lattafa,Maahir Black Edition,Eau de Parfum unisex 100 ml,"46,20€",-15 %,"27,50",4,4,117.0
118,Perfumes de hombre,Lalique,Encre Noire A L'Extreme,Eau de Parfum para hombre 100 ml,"123,00€",-15 %,"30,70",4.4,40,118.0
119,Perfumes de hombre,Lattafa,Malik Al Tayoor Concentrated,Eau de Parfum unisex 100 ml,"26,50€",-15 %,"14,90",4.2,4,119.0
120,Perfumes de hombre,Afnan,Supremacy Not Only Intense,extracto de perfume para hombre 100 ml,Es el precio con desc,-15 %,"51,40",Sin valoracion,Sin valoraciones,120.0
121,Perfumes de hombre,Lattafa,Pride Eternal Oud,Eau de Parfum unisex 100 ml,Es el precio con desc,-15 %,"56,00",Sin valoracion,Sin valoraciones,121.0
122,Perfumes de hombre,Lattafa,Asad,Eau de Parfum para hombre 100 ml,"60,10€",-15 %,"25,50",4.6,19,122.0
123,Perfumes de hombre,Lattafa,Badee Al Oud Oud For Glory,Eau de Parfum unisex 100 ml,"27,70€",Sin descuento,"26,00",4.4,12,123.0
124,Perfumes de hombre,Versace,Eros Flame,Eau de Parfum para hombre,"53,00€",Sin descuento,"49,80",4.5,6,124.0
125,Perfumes de hombre,Lattafa,Fakhar Lattafa Men,Eau de Parfum para hombre 100 ml,"36,70€",-15 %,"18,30",4.3,10,125.0
126,Perfumes de hombre,Bentley,For Men Intense,Eau de Parfum para hombre 100 ml,"89,00€",-15 %,"29,50",4.5,123,126.0
127,Perfumes de hombre,Lattafa,Ameer Al Oudh Intense Oud,Eau de Parfum unisex 100 ml,"33,70€",-15 %,"21,40",4.3,25,127.0
128,Perfumes de hombre,Afnan,Supremacy In Oud,Eau de Parfum unisex 100 ml,"51,20€",-15 %,"46,10",4.5,2,128.0
129,Perfumes de hombre,Lattafa,Qaed Al Fursan,Eau de Parfum unisex 90 ml,"28,00€",-15 %,"18,80",4.4,18,129.0
130,Perfumes de hombre,Carolina Herrera,212 VIP Black,Eau de Parfum para hombre,Es el precio con desc,Sin descuento,"48,00",Sin valoracion,Sin valoraciones,130.0
131,Perfumes de hombre,Afnan,Supremacy Silver,Eau de Parfum para hombre 100 ml,Es el precio con desc,-15 %,"37,20",Sin valoracion,Sin valoraciones,131.0
132,Perfumes de hombre,Lattafa,Badee Al Oud Ametyst,Eau de Parfum para mujer 100 ml,"49,50€",-15 %,"32,00",4.2,23,132.0
133,Perfumes de hombre,Versace,Pour Homme Oud Noir,Eau de Parfum para hombre 100 ml,Es el precio con desc,-15 %,"110,00",Sin valoracion,Sin valoraciones,133.0
134,Perfumes de hombre,Al Haramain,Amber Oud Gold Edition,Eau de Parfum unisex 60 ml,"104,22€",-15 %,"56,10",4.9,17,134.0
135,Perfumes de hombre,Afnan,Turathi Blue Homme,Eau de Parfum para hombre 90 ml,"37,20€",-15 %,"36,00",4.6,44,135.0
136,Perfumes de hombre,Lattafa,Opulent Red,Eau de Parfum unisex 100 ml,"32,80€",-15 %,"18,60",4.7,29,136.0
137,Perfumes de hombre,Al Haramain,Détour noir,Eau de Parfum para hombre 100 ml,"59,30€",-15 %,"31,70",4.4,16,137.0
138,Perfumes de hombre,Lattafa,Sheikh Al Shuyukh Luxe Edition,Eau de Parfum unisex 100 ml,"27,30€",-15 %,"18,80",4.6,27,138.0
139,Perfumes de hombre,Rasasi,Daarej Pour Homme,Eau de Parfum para hombre 100 ml,"34,80€",-15 %,"19,00",4.3,53,139.0
140,Perfumes de hombre,Lattafa,Pride Ishq Al Shuyukh Gold,Eau de Parfum unisex 100 ml,Es el precio con desc,-15 %,"56,00",Sin valoracion,Sin valoraciones,140.0
141,Perfumes de hombre,Rasasi,Shuhrah Pour Homme,Eau de Parfum para hombre 90 ml,"47,80€",-15 %,"25,40",4.3,129,141.0
142,Perfumes de hombre,Afnan,9 PM,Eau de Parfum para hombre 100 ml,Es el precio con desc,-15 %,"41,10",Sin valoracion,Sin valoraciones,142.0
143,Perfumes de hombre,Just Jack,Tobacco Leaf,Eau de Parfum unisex,"27,49€",-15 %,"11,50",4.7,22,143.0
144,Perfumes de hombre,Afnan,Supremacy Not Only Intense,extracto de perfume para hombre 100 ml,Es el precio con desc,-15 %,"51,40",Sin valoracion,Sin valoraciones,144.0
145,Perfumes de hombre,Lattafa,Pride Eternal Oud,Eau de Parfum unisex 100 ml,Es el precio con desc,-15 %,"56,00",Sin valoracion,Sin valoraciones,145.0
146,Perfumes de hombre,Lattafa,Asad,Eau de Parfum para hombre 100 ml,"60,10€",-15 %,"25,50",4.6,19,146.0
147,Perfumes de hombre,Lattafa,Badee Al Oud Oud For Glory,Eau de Parfum unisex 100 ml,"27,70€",Sin descuento,"26,00",4.4,12,147.0
148,Perfumes de hombre,Versace,Eros Flame,Eau de Parfum para hombre,"53,00€",Sin descuento,"49,80",4.5,6,148.0
149,Perfumes de hombre,Lattafa,Fakhar Lattafa Men,Eau de Parfum para hombre 100 ml,"36,70€",-15 %,"18,30",4.3,10,149.0
150,Perfumes de hombre,Bentley,For Men Intense,Eau de Parfum para hombre 100 ml,"89,00€",-15 %,"29,50",4.5,123,150.0
151,Perfumes de hombre,Lattafa,Ameer Al Oudh Intense Oud,Eau de Parfum unisex 100 ml,"33,70€",-15 %,"21,40",4.3,25,151.0
152,Perfumes de hombre,Afnan,Supremacy In Oud,Eau de Parfum unisex 100 ml,"51,20€",-15 %,"46,10",4.5,2,152.0
153,Perfumes de hombre,Lattafa,Qaed Al Fursan,Eau de Parfum unisex 90 ml,"28,00€",-15 %,"18,80",4.4,18,153.0
154,Perfumes de hombre,Carolina Herrera,212 VIP Black,Eau de Parfum para hombre,Es el precio con desc,Sin descuento,"48,00",Sin valoracion,Sin valoraciones,154.0
155,Perfumes de hombre,Afnan,Supremacy Silver,Eau de Parfum para hombre 100 ml,Es el precio con desc,-15 %,"37,20",Sin valoracion,Sin valoraciones,155.0
156,Perfumes de hombre,Lattafa,Badee Al Oud Ametyst,Eau de Parfum para mujer 100 ml,"49,50€",-15 %,"32,00",4.2,23,156.0
157,Perfumes de hombre,Versace,Pour Homme Oud Noir,Eau de Parfum para hombre 100 ml,Es el precio con desc,-15 %,"110,00",Sin valoracion,Sin valoraciones,157.0
158,Perfumes de hombre,Al Haramain,Amber Oud Gold Edition,Eau de Parfum unisex 60 ml,"104,22€",-15 %,"56,10",4.9,17,158.0
159,Perfumes de hombre,Afnan,Turathi Blue Homme,Eau de Parfum para hombre 90 ml,"37,20€",-15 %,"36,00",4.6,44,159.0
160,Perfumes de hombre,Lattafa,Opulent Red,Eau de Parfum unisex 100 ml,"32,80€",-15 %,"18,60",4.7,29,160.0
161,Perfumes de hombre,Al Haramain,Détour noir,Eau de Parfum para hombre 100 ml,"59,30€",-15 %,"31,70",4.4,16,161.0
162,Perfumes de hombre,Lattafa,Sheikh Al Shuyukh Luxe Edition,Eau de Parfum unisex 100 ml,"27,30€",-15 %,"18,80",4.6,27,162.0
163,Perfumes de hombre,Rasasi,Daarej Pour Homme,Eau de Parfum para hombre 100 ml,"34,80€",-15 %,"19,00",4.3,53,163.0
164,Perfumes de hombre,Lattafa,Pride Ishq Al Shuyukh Gold,Eau de Parfum unisex 100 ml,Es el precio con desc,-15 %,"56,00",Sin valoracion,Sin valoraciones,164.0
165,Perfumes de hombre,Rasasi,Shuhrah Pour Homme,Eau de Parfum para hombre 90 ml,"47,80€",-15 %,"25,40",4.3,129,165.0
166,Perfumes de hombre,Afnan,9 PM,Eau de Parfum para hombre 100 ml,Es el precio con desc,-15 %,"41,10",Sin valoracion,Sin valoraciones,166.0
167,Perfumes de hombre,Just Jack,Tobacco Leaf,Eau de Parfum unisex,"27,49€",-15 %,"11,50",4.7,22,167.0
168,Perfumes de hombre,Diesel,Spirit of the Brave Intense,Eau de Parfum para hombre,Es el precio con desc,-15 %,"50,90",Sin valoracion,Sin valoraciones,168.0
169,Perfumes de hombre,Mercedes-Benz,The Move,Eau de Toilette para hombre,Es el precio con desc,-15 %,"42,90",Sin valoracion,Sin valoraciones,169.0
170,Perfumes de hombre,Maison Margiela,REPLICA Springtime in a Park,Eau de Toilette unisex,Es el precio con desc,-15 %,"65,00",Sin valoracion,Sin valoraciones,170.0
171,Perfumes de hombre,Maison Margiela,REPLICA Sailing Day,Eau de Toilette unisex,Es el precio con desc,-15 %,"30,00",Sin valoracion,Sin valoraciones,171.0
172,Perfumes de hombre,Guess,Guess Man Gold,Eau de Toilette para hombre 75 ml,Es el precio con desc,-15 %,"30,50",Sin valoracion,Sin valoraciones,172.0
173,Perfumes de hombre,Salvatore Ferragamo,Ferragamo,Eau de Toilette para hombre,Es el precio con desc,-15 %,"35,30",Sin valoracion,Sin valoraciones,173.0
174,Perfumes de hombre,Ralph Lauren,The Big Pony 1 Blue,Eau de Toilette para hombre,Es el precio con desc,-15 %,"27,80",Sin valoracion,Sin valoraciones,174.0
175,Perfumes de hombre,Just Jack,Black Tuxedo,Eau de Parfum para hombre 100 ml,"47,00€",-15 %,"37,50",4.5,2,175.0
176,Perfumes de hombre,Just Jack,Mystery,Eau de Parfum para hombre 100 ml,"44,10€",-15 %,"30,90",4.3,3,176.0
177,Perfumes de hombre,STR8,Faith,Eau de Toilette para hombre,Es el precio con desc,-15 %,"7,80",Sin valoracion,Sin valoraciones,177.0
178,Perfumes de hombre,STR8,Faith,spray corporal perfumado para hombre 75 ml,Es el precio con desc,-15 %,"6,00",Sin valoracion,Sin valoraciones,178.0
179,Perfumes de hombre,Dermacol,Fresh Pine & Pepper,Eau de Parfum unisex 50 ml,"30,80€",-15 %,"27,70",5,1,179.0
180,Perfumes de hombre,Lacoste,Match Point,Eau de Toilette para hombre,"90,50€",-15 %,"41,20",5,1,180.0
181,Perfumes de hombre,L’Occitane,Men,Eau de Toilette para hombre 75 ml,Es el precio con desc,Sin descuento,"58,00",Sin valoracion,Sin valoraciones,181.0
182,Perfumes de hombre,Calvin Klein,Eternity for Men Cologne,Eau de Toilette para hombre 100 ml,Es el precio con desc,-15 %,"47,20",Sin valoracion,Sin valoraciones,182.0
183,Perfumes de hombre,Viktor & Rolf,Spicebomb Night Vision,Eau de Parfum para hombre,Es el precio con desc,-15 %,"86,40",Sin valoracion,Sin valoraciones,183.0
184,Perfumes de hombre,Atkinsons,Iconic 44 Gerrard Street,agua de colonia unisex 100 ml,Es el precio con desc,-15 %,"126,50",Sin valoracion,Sin valoraciones,184.0
185,Perfumes de hombre,DIOR,Dior Homme,Eau de Toilette para hombre,Es el precio con desc,Sin descuento,"80,30",Sin valoracion,Sin valoraciones,185.0
186,Perfumes de hombre,Loewe,Esencia,Eau de Parfum para hombre,Es el precio con desc,-15 %,"110,40",Sin valoracion,Sin valoraciones,186.0
187,Perfumes de hombre,Loewe,Agua Él,Eau de Toilette para hombre,Es el precio con desc,-15 %,"70,40",Sin valoracion,Sin valoraciones,187.0
188,Perfumes de hombre,BULGARI,Bvlgari Man Glacial Essence,Eau de Parfum para hombre,Es el precio con desc,Sin descuento,"71,00",Sin valoracion,Sin valoraciones,188.0
189,Perfumes de hombre,Loewe,001 Man,Eau de Toilette para hombre,Es el precio con desc,-15 %,"83,50",Sin valoracion,Sin valoraciones,189.0
190,Perfumes de hombre,Ralph Lauren,Polo Red,Eau de Parfum para hombre 75 ml,Es el precio con desc,-15 %,"78,90",Sin valoracion,Sin valoraciones,190.0
191,Perfumes de hombre,GUERLAIN,Les Absolus d'Orient Cuir Intense,Eau de Parfum unisex 125 ml,Es el precio con desc,Sin descuento,"162,90",Sin valoracion,Sin valoraciones,191.0
192,Perfumes de hombre,Lattafa,Asad,Eau de Parfum para hombre 100 ml,"60,10€",-15 %,"25,50",4.6,19,192.0
193,Perfumes de hombre,Lattafa,Badee Al Oud Oud For Glory,Eau de Parfum unisex 100 ml,"27,70€",Sin descuento,"26,00",4.4,12,193.0
194,Perfumes de hombre,Lattafa,Fakhar Lattafa Men,Eau de Parfum para hombre 100 ml,"36,70€",-15 %,"18,30",4.3,10,194.0
195,Perfumes de hombre,Bentley,For Men Intense,Eau de Parfum para hombre 100 ml,"89,00€",-15 %,"29,50",4.5,123,195.0
196,Perfumes de hombre,Lattafa,Ameer Al Oudh Intense Oud,Eau de Parfum unisex 100 ml,"33,70€",-15 %,"21,40",4.3,25,196.0
197,Perfumes de hombre,Lattafa,Qaed Al Fursan,Eau de Parfum unisex 90 ml,"28,00€",-15 %,"18,80",4.4,18,197.0
198,Perfumes de hombre,Afnan,Supremacy Not Only Intense,extracto de perfume para hombre 100 ml,Es el precio con desc,-15 %,"51,40",Sin valoracion,Sin valoraciones,198.0
199,Perfumes de hombre,Lattafa,Badee Al Oud Ametyst,Eau de Parfum para mujer 100 ml,"49,50€",-15 %,"32,00",4.2,23,199.0
200,Perfumes de hombre,Afnan,Turathi Blue Homme,Eau de Parfum para hombre 90 ml,"37,20€",-15 %,"36,00",4.6,44,200.0
201,Perfumes de hombre,Al Haramain,Amber Oud Gold Edition,Eau de Parfum unisex 60 ml,"104,22€",-15 %,"56,10",4.9,17,201.0
202,Perfumes de hombre,Al Haramain,Détour noir,Eau de Parfum para hombre 100 ml,"59,30€",-15 %,"31,70",4.4,16,202.0
203,Perfumes de hombre,Lattafa,Opulent Red,Eau de Parfum unisex 100 ml,"32,80€",-15 %,"18,60",4.7,29,203.0
204,Perfumes de hombre,Rasasi,Daarej Pour Homme,Eau de Parfum para hombre 100 ml,"34,80€",-15 %,"19,00",4.3,53,204.0
205,Perfumes de hombre,Lattafa,Sheikh Al Shuyukh Luxe Edition,Eau de Parfum unisex 100 ml,"27,30€",-15 %,"18,80",4.6,27,205.0
206,Perfumes de hombre,Rasasi,Shuhrah Pour Homme,Eau de Parfum para hombre 90 ml,"47,80€",-15 %,"25,40",4.3,129,206.0
207,Perfumes de hombre,Lattafa,Pride Ishq Al Shuyukh Gold,Eau de Parfum unisex 100 ml,Es el precio con desc,-15 %,"56,00",Sin valoracion,Sin valoraciones,207.0
208,Perfumes de hombre,Afnan,9 PM,Eau de Parfum para hombre 100 ml,Es el precio con desc,-15 %,"41,10",Sin valoracion,Sin valoraciones,208.0
209,Perfumes de hombre,Just Jack,Tobacco Leaf,Eau de Parfum unisex,"27,49€",-15 %,"11,50",4.7,22,209.0
210,Perfumes de hombre,Rasasi,Fattan Pour Homme,Eau de Parfum para hombre 50 ml,"28,40€",-15 %,"15,40",4.4,30,210.0
211,Perfumes de hombre,Lattafa,Opulent Oud,Eau de Parfum unisex 100 ml,"28,40€",-15 %,"23,60",4.7,10,211.0
212,Perfumes de hombre,Al Haramain,L'Aventure,Eau de Parfum para hombre,"21,20€",Sin descuento,"19,90",4.3,18,212.0
213,Perfumes de hombre,Lattafa,Maahir Black Edition,Eau de Parfum unisex 100 ml,"46,20€",-15 %,"27,50",4,4,213.0
214,Perfumes de hombre,Lalique,Encre Noire A L'Extreme,Eau de Parfum para hombre 100 ml,"123,00€",-15 %,"30,70",4.4,40,214.0
215,Perfumes de hombre,Lattafa,Malik Al Tayoor Concentrated,Eau de Parfum unisex 100 ml,"26,50€",-15 %,"14,90",4.2,4,215.0
216,Perfumes de hombre,Afnan,Supremacy Not Only Intense,extracto de perfume para hombre 100 ml,Es el precio con desc,-15 %,"51,40",Sin valoracion,Sin valoraciones,216.0
217,Perfumes de hombre,Lattafa,Pride Eternal Oud,Eau de Parfum unisex 100 ml,Es el precio con desc,-15 %,"56,00",Sin valoracion,Sin valoraciones,217.0
218,Perfumes de hombre,Lattafa,Asad,Eau de Parfum para hombre 100 ml,"60,10€",-15 %,"25,50",4.6,19,218.0
219,Perfumes de hombre,Lattafa,Badee Al Oud Oud For Glory,Eau de Parfum unisex 100 ml,"27,70€",Sin descuento,"26,00",4.4,12,219.0
220,Perfumes de hombre,Versace,Eros Flame,Eau de Parfum para hombre,"53,00€",Sin descuento,"49,80",4.5,6,220.0
221,Perfumes de hombre,Lattafa,Fakhar Lattafa Men,Eau de Parfum para hombre 100 ml,"36,70€",-15 %,"18,30",4.3,10,221.0
222,Perfumes de hombre,Bentley,For Men Intense,Eau de Parfum para hombre 100 ml,"89,00€",-15 %,"29,50",4.5,123,222.0
223,Perfumes de hombre,Lattafa,Ameer Al Oudh Intense Oud,Eau de Parfum unisex 100 ml,"33,70€",-15 %,"21,40",4.3,25,223.0
224,Perfumes de hombre,Afnan,Supremacy In Oud,Eau de Parfum unisex 100 ml,"51,20€",-15 %,"46,10",4.5,2,224.0
225,Perfumes de hombre,Lattafa,Qaed Al Fursan,Eau de Parfum unisex 90 ml,"28,00€",-15 %,"18,80",4.4,18,225.0
226,Perfumes de hombre,Carolina Herrera,212 VIP Black,Eau de Parfum para hombre,Es el precio con desc,Sin descuento,"48,00",Sin valoracion,Sin valoraciones,226.0
227,Perfumes de hombre,Afnan,Supremacy Silver,Eau de Parfum para hombre 100 ml,Es el precio con desc,-15 %,"37,20",Sin valoracion,Sin valoraciones,227.0
228,Perfumes de hombre,Lattafa,Badee Al Oud Ametyst,Eau de Parfum para mujer 100 ml,"49,50€",-15 %,"32,00",4.2,23,228.0
229,Perfumes de hombre,Versace,Pour Homme Oud Noir,Eau de Parfum para hombre 100 ml,Es el precio con desc,-15 %,"110,00",Sin valoracion,Sin valoraciones,229.0
230,Perfumes de hombre,Al Haramain,Amber Oud Gold Edition,Eau de Parfum unisex 60 ml,"104,22€",-15 %,"56,10",4.9,17,230.0
231,Perfumes de hombre,Afnan,Turathi Blue Homme,Eau de Parfum para hombre 90 ml,"37,20€",-15 %,"36,00",4.6,44,231.0
232,Perfumes de hombre,Lattafa,Opulent Red,Eau de Parfum unisex 100 ml,"32,80€",-15 %,"18,60",4.7,29,232.0
233,Perfumes de hombre,Al Haramain,Détour noir,Eau de Parfum para hombre 100 ml,"59,30€",-15 %,"31,70",4.4,16,233.0
234,Perfumes de hombre,Lattafa,Sheikh Al Shuyukh Luxe Edition,Eau de Parfum unisex 100 ml,"27,30€",-15 %,"18,80",4.6,27,234.0
235,Perfumes de hombre,Rasasi,Daarej Pour Homme,Eau de Parfum para hombre 100 ml,"34,80€",-15 %,"19,00",4.3,53,235.0
236,Perfumes de hombre,Lattafa,Pride Ishq Al Shuyukh Gold,Eau de Parfum unisex 100 ml,Es el precio con desc,-15 %,"56,00",Sin valoracion,Sin valoraciones,236.0
237,Perfumes de hombre,Rasasi,Shuhrah Pour Homme,Eau de Parfum para hombre 90 ml,"47,80€",-15 %,"25,40",4.3,129,237.0
238,Perfumes de hombre,Afnan,9 PM,Eau de Parfum para hombre 100 ml,Es el precio con desc,-15 %,"41,10",Sin valoracion,Sin valoraciones,238.0
239,Perfumes de hombre,Just Jack,Tobacco Leaf,Eau de Parfum unisex,"27,49€",-15 %,"11,50",4.7,22,239.0
240,Perfumes de hombre,Lattafa,Asad,Eau de Parfum para hombre 100 ml,"60,10€",-15 %,"25,50",4.6,19,0.0
241,Perfumes de hombre,Lattafa,Badee Al Oud Oud For Glory,Eau de Parfum unisex 100 ml,"27,70€",Sin descuento,"26,00",4.4,12,1.0
242,Perfumes de hombre,Lattafa,Fakhar Lattafa Men,Eau de Parfum para hombre 100 ml,"36,70€",-15 %,"18,30",4.3,10,2.0
243,Perfumes de hombre,Bentley,For Men Intense,Eau de Parfum para hombre 100 ml,"89,00€",-15 %,"29,50",4.5,123,3.0
244,Perfumes de hombre,Lattafa,Ameer Al Oudh Intense Oud,Eau de Parfum unisex 100 ml,"33,70€",-15 %,"21,40",4.3,25,4.0
245,Perfumes de hombre,Lattafa,Qaed Al Fursan,Eau de Parfum unisex 90 ml,"28,00€",-15 %,"18,80",4.4,18,5.0
246,Perfumes de hombre,Afnan,Supremacy Not Only Intense,extracto de perfume para hombre 100 ml,Es el precio con desc,-15 %,"51,40",Sin valoracion,Sin valoraciones,6.0
247,Perfumes de hombre,Lattafa,Badee Al Oud Ametyst,Eau de Parfum para mujer 100 ml,"49,50€",-15 %,"32,00",4.2,23,7.0
248,Perfumes de hombre,Afnan,Turathi Blue Homme,Eau de Parfum para hombre 90 ml,"37,20€",-15 %,"36,00",4.6,44,8.0
249,Perfumes de hombre,Al Haramain,Amber Oud Gold Edition,Eau de Parfum unisex 60 ml,"104,22€",-15 %,"56,10",4.9,17,9.0
250,Perfumes de hombre,Al Haramain,Détour noir,Eau de Parfum para hombre 100 ml,"59,30€",-15 %,"31,70",4.4,16,10.0
251,Perfumes de hombre,Lattafa,Opulent Red,Eau de Parfum unisex 100 ml,"32,80€",-15 %,"18,60",4.7,29,11.0
252,Perfumes de hombre,Rasasi,Daarej Pour Homme,Eau de Parfum para hombre 100 ml,"34,80€",-15 %,"19,00",4.3,53,12.0
253,Perfumes de hombre,Lattafa,Sheikh Al Shuyukh Luxe Edition,Eau de Parfum unisex 100 ml,"27,30€",-15 %,"18,80",4.6,27,13.0
254,Perfumes de hombre,Rasasi,Shuhrah Pour Homme,Eau de Parfum para hombre 90 ml,"47,80€",-15 %,"25,40",4.3,129,14.0
255,Perfumes de hombre,Lattafa,Pride Ishq Al Shuyukh Gold,Eau de Parfum unisex 100 ml,Es el precio con desc,-15 %,"56,00",Sin valoracion,Sin valoraciones,15.0
256,Perfumes de hombre,Afnan,9 PM,Eau de Parfum para hombre 100 ml,Es el precio con desc,-15 %,"41,10",Sin valoracion,Sin valoraciones,16.0
257,Perfumes de hombre,Just Jack,Tobacco Leaf,Eau de Parfum unisex,"27,49€",-15 %,"11,50",4.7,22,17.0
258,Perfumes de hombre,Rasasi,Fattan Pour Homme,Eau de Parfum para hombre 50 ml,"28,40€",-15 %,"15,40",4.4,30,18.0
259,Perfumes de hombre,Lattafa,Opulent Oud,Eau de Parfum unisex 100 ml,"28,40€",-15 %,"23,60",4.7,10,19.0
260,Perfumes de hombre,Al Haramain,L'Aventure,Eau de Parfum para hombre,"21,20€",Sin descuento,"19,90",4.3,18,20.0
261,Perfumes de hombre,Lattafa,Maahir Black Edition,Eau de Parfum unisex 100 ml,"46,20€",-15 %,"27,50",4,4,21.0
262,Perfumes de hombre,Lalique,Encre Noire A L'Extreme,Eau de Parfum para hombre 100 ml,"123,00€",-15 %,"30,70",4.4,40,22.0
263,Perfumes de hombre,Lattafa,Malik Al Tayoor Concentrated,Eau de Parfum unisex 100 ml,"26,50€",-15 %,"14,90",4.2,4,23.0
264,Perfumes de hombre,Police,Deep Blue,Eau de Toilette para hombre 100 ml,Es el precio con desc,-15 %,"18,90",Sin valoracion,Sin valoraciones,24.0
265,Perfumes de hombre,Pino Silvestre,Acqua di Pino Fougère,Eau de Toilette para hombre 125 ml,"32,00€",-15 %,"18,80",5,1,25.0
266,Perfumes de hombre,Pino Silvestre,Acqua di Pino Cologne,agua de colonia para hombre 125 ml,"32,00€",-15 %,"13,00",1,1,26.0
267,Perfumes de hombre,Al Haramain,Platinum Oud 50 years,Eau de Parfum unisex 100 ml,Es el precio con desc,-15 %,"58,30",Sin valoracion,Sin valoraciones,27.0
268,Perfumes de hombre,Mercedes-Benz,Man Bright,Eau de Parfum para hombre,Es el precio con desc,-15 %,"56,70",Sin valoracion,Sin valoraciones,28.0
269,Perfumes de hombre,Laura Biagiotti,Roma Uomo Green Swing,Eau de Toilette para hombre,Es el precio con desc,-15 %,"28,20",Sin valoracion,Sin valoraciones,29.0
270,Perfumes de hombre,Tous,1920,Eau de Parfum para hombre,Es el precio con desc,-15 %,"29,20",Sin valoracion,Sin valoraciones,30.0
271,Perfumes de hombre,Teatro Fragranze,Diamante,Eau de Parfum unisex 100 ml,Es el precio con desc,-15 %,"124,20",Sin valoracion,Sin valoraciones,31.0
272,Perfumes de hombre,Halloween,Man Rock On,Eau de Toilette para hombre,"54,60€",-15 %,"23,50",4,2,32.0
273,Perfumes de hombre,Bruno Banani,Loyal Man,Eau de Parfum para hombre,Es el precio con desc,-15 %,"10,90",Sin valoracion,Sin valoraciones,33.0
274,Perfumes de hombre,Bruno Banani,Man,Eau de Parfum para hombre 30 ml,Es el precio con desc,-15 %,"10,90",Sin valoracion,Sin valoraciones,34.0
275,Perfumes de hombre,Dunhill,Icon Racing Blue,Eau de Parfum para hombre 100 ml,Es el precio con desc,-15 %,"44,80",Sin valoracion,Sin valoraciones,35.0
276,Perfumes de hombre,Dunhill,Icon Racing Red,Eau de Parfum para hombre 100 ml,Es el precio con desc,-15 %,"44,80",Sin valoracion,Sin valoraciones,36.0
277,Perfumes de hombre,Teatro Fragranze,Rose Oud,Eau de Parfum unisex 100 ml,Es el precio con desc,-15 %,"145,00",Sin valoracion,Sin valoraciones,37.0
278,Perfumes de hombre,Dsquared2,2 wood,Eau de Toilette para hombre,Es el precio con desc,-15 %,"35,00",Sin valoracion,Sin valoraciones,38.0
279,Perfumes de hombre,David Beckham,Aromatic Greens,Eau de Parfum para hombre 100 ml,Es el precio con desc,-15 %,"23,60",Sin valoracion,Sin valoraciones,39.0
280,Perfumes de hombre,David Beckham,Infinite Aqua,Eau de Parfum para hombre 100 ml,Es el precio con desc,-15 %,"20,10",Sin valoracion,Sin valoraciones,40.0
281,Perfumes de hombre,David Beckham,Refined Woods,Eau de Parfum para hombre 100 ml,Es el precio con desc,-15 %,"20,10",Sin valoracion,Sin valoraciones,41.0
282,Perfumes de hombre,TOM FORD,Noir Extreme All Over Body Spray,spray corporal perfumado para hombre 150 ml,Es el precio con desc,Sin descuento,"59,00",Sin valoracion,Sin valoraciones,42.0
283,Perfumes de hombre,NOVELLISTA,Desert Wood,Eau de Parfum edición limitada unisex 75 ml,Es el precio con desc,-15 %,"99,00",Sin valoracion,Sin valoraciones,43.0
284,Perfumes de hombre,NOVELLISTA,Violet Charade,Eau de Parfum edición limitada unisex 75 ml,Es el precio con desc,-15 %,"99,00",Sin valoracion,Sin valoraciones,44.0
285,Perfumes de hombre,NOVELLISTA,Saffron Whisper,Eau de Parfum unisex,Es el precio con desc,-15 %,"37,40",Sin valoracion,Sin valoraciones,45.0
286,Perfumes de hombre,Culti,Geranio Imperiale,Eau de Parfum unisex 100 ml,Es el precio con desc,-15 %,"90,00",Sin valoracion,Sin valoraciones,46.0
287,Perfumes de hombre,Beviro,Bohemian Spirit,agua de colonia para hombre 100 ml,Es el precio con desc,-15 %,"34,80",Sin valoracion,Sin valoraciones,47.0
288,Perfumes de hombre,Lattafa,Asad,Eau de Parfum para hombre 100 ml,"60,10€",-15 %,"25,50",4.6,19,48.0
289,Perfumes de hombre,Lattafa,Badee Al Oud Oud For Glory,Eau de Parfum unisex 100 ml,"27,70€",Sin descuento,"26,00",4.4,12,49.0
290,Perfumes de hombre,Lattafa,Fakhar Lattafa Men,Eau de Parfum para hombre 100 ml,"36,70€",-15 %,"18,30",4.3,10,50.0
291,Perfumes de hombre,Bentley,For Men Intense,Eau de Parfum para hombre 100 ml,"89,00€",-15 %,"29,50",4.5,123,51.0
292,Perfumes de hombre,Lattafa,Ameer Al Oudh Intense Oud,Eau de Parfum unisex 100 ml,"33,70€",-15 %,"21,40",4.3,25,52.0
293,Perfumes de hombre,Lattafa,Qaed Al Fursan,Eau de Parfum unisex 90 ml,"28,00€",-15 %,"18,80",4.4,18,53.0
294,Perfumes de hombre,Afnan,Supremacy Not Only Intense,extracto de perfume para hombre 100 ml,Es el precio con desc,-15 %,"51,40",Sin valoracion,Sin valoraciones,54.0
295,Perfumes de hombre,Lattafa,Badee Al Oud Ametyst,Eau de Parfum para mujer 100 ml,"49,50€",-15 %,"32,00",4.2,23,55.0
296,Perfumes de hombre,Afnan,Turathi Blue Homme,Eau de Parfum para hombre 90 ml,"37,20€",-15 %,"36,00",4.6,44,56.0
297,Perfumes de hombre,Al Haramain,Amber Oud Gold Edition,Eau de Parfum unisex 60 ml,"104,22€",-15 %,"56,10",4.9,17,57.0
298,Perfumes de hombre,Al Haramain,Détour noir,Eau de Parfum para hombre 100 ml,"59,30€",-15 %,"31,70",4.4,16,58.0
299,Perfumes de hombre,Lattafa,Opulent Red,Eau de Parfum unisex 100 ml,"32,80€",-15 %,"18,60",4.7,29,59.0
300,Perfumes de hombre,Rasasi,Daarej Pour Homme,Eau de Parfum para hombre 100 ml,"34,80€",-15 %,"19,00",4.3,53,60.0
301,Perfumes de hombre,Lattafa,Sheikh Al Shuyukh Luxe Edition,Eau de Parfum unisex 100 ml,"27,30€",-15 %,"18,80",4.6,27,61.0
302,Perfumes de hombre,Rasasi,Shuhrah Pour Homme,Eau de Parfum para hombre 90 ml,"47,80€",-15 %,"25,40",4.3,129,62.0
303,Perfumes de hombre,Lattafa,Pride Ishq Al Shuyukh Gold,Eau de Parfum unisex 100 ml,Es el precio con desc,-15 %,"56,00",Sin valoracion,Sin valoraciones,63.0
304,Perfumes de hombre,Afnan,9 PM,Eau de Parfum para hombre 100 ml,Es el precio con desc,-15 %,"41,10",Sin valoracion,Sin valoraciones,64.0
305,Perfumes de hombre,Just Jack,Tobacco Leaf,Eau de Parfum unisex,"27,49€",-15 %,"11,50",4.7,22,65.0
306,Perfumes de hombre,Rasasi,Fattan Pour Homme,Eau de Parfum para hombre 50 ml,"28,40€",-15 %,"15,40",4.4,30,66.0
307,Perfumes de hombre,Lattafa,Opulent Oud,Eau de Parfum unisex 100 ml,"28,40€",-15 %,"23,60",4.7,10,67.0
308,Perfumes de hombre,Al Haramain,L'Aventure,Eau de Parfum para hombre,"21,20€",Sin descuento,"19,90",4.3,18,68.0
309,Perfumes de hombre,Lattafa,Maahir Black Edition,Eau de Parfum unisex 100 ml,"46,20€",-15 %,"27,50",4,4,69.0
310,Perfumes de hombre,Lalique,Encre Noire A L'Extreme,Eau de Parfum para hombre 100 ml,"123,00€",-15 %,"30,70",4.4,40,70.0
311,Perfumes de hombre,Lattafa,Malik Al Tayoor Concentrated,Eau de Parfum unisex 100 ml,"26,50€",-15 %,"14,90",4.2,4,71.0
312,Perfumes de hombre,Lattafa,Asad,Eau de Parfum para hombre 100 ml,"60,10€",-15 %,"25,50",4.6,19,72.0
313,Perfumes de hombre,Lattafa,Badee Al Oud Oud For Glory,Eau de Parfum unisex 100 ml,"27,70€",Sin descuento,"26,00",4.4,12,73.0
314,Perfumes de hombre,Lattafa,Fakhar Lattafa Men,Eau de Parfum para hombre 100 ml,"36,70€",-15 %,"18,30",4.3,10,74.0
315,Perfumes de hombre,Bentley,For Men Intense,Eau de Parfum para hombre 100 ml,"89,00€",-15 %,"29,50",4.5,123,75.0
316,Perfumes de hombre,Lattafa,Ameer Al Oudh Intense Oud,Eau de Parfum unisex 100 ml,"33,70€",-15 %,"21,40",4.3,25,76.0
317,Perfumes de hombre,Lattafa,Qaed Al Fursan,Eau de Parfum unisex 90 ml,"28,00€",-15 %,"18,80",4.4,18,77.0
318,Perfumes de hombre,Afnan,Supremacy Not Only Intense,extracto de perfume para hombre 100 ml,Es el precio con desc,-15 %,"51,40",Sin valoracion,Sin valoraciones,78.0
319,Perfumes de hombre,Lattafa,Badee Al Oud Ametyst,Eau de Parfum para mujer 100 ml,"49,50€",-15 %,"32,00",4.2,23,79.0
320,Perfumes de hombre,Afnan,Turathi Blue Homme,Eau de Parfum para hombre 90 ml,"37,20€",-15 %,"36,00",4.6,44,80.0
321,Perfumes de hombre,Al Haramain,Amber Oud Gold Edition,Eau de Parfum unisex 60 ml,"104,22€",-15 %,"56,10",4.9,17,81.0
322,Perfumes de hombre,Al Haramain,Détour noir,Eau de Parfum para hombre 100 ml,"59,30€",-15 %,"31,70",4.4,16,82.0
323,Perfumes de hombre,Lattafa,Opulent Red,Eau de Parfum unisex 100 ml,"32,80€",-15 %,"18,60",4.7,29,83.0
324,Perfumes de hombre,Rasasi,Daarej Pour Homme,Eau de Parfum para hombre 100 ml,"34,80€",-15 %,"19,00",4.3,53,84.0
325,Perfumes de hombre,Lattafa,Sheikh Al Shuyukh Luxe Edition,Eau de Parfum unisex 100 ml,"27,30€",-15 %,"18,80",4.6,27,85.0
326,Perfumes de hombre,Rasasi,Shuhrah Pour Homme,Eau de Parfum para hombre 90 ml,"47,80€",-15 %,"25,40",4.3,129,86.0
327,Perfumes de hombre,Lattafa,Pride Ishq Al Shuyukh Gold,Eau de Parfum unisex 100 ml,Es el precio con desc,-15 %,"56,00",Sin valoracion,Sin valoraciones,87.0
328,Perfumes de hombre,Afnan,9 PM,Eau de Parfum para hombre 100 ml,Es el precio con desc,-15 %,"41,10",Sin valoracion,Sin valoraciones,88.0
329,Perfumes de hombre,Just Jack,Tobacco Leaf,Eau de Parfum unisex,"27,49€",-15 %,"11,50",4.7,22,89.0
330,Perfumes de hombre,Rasasi,Fattan Pour Homme,Eau de Parfum para hombre 50 ml,"28,40€",-15 %,"15,40",4.4,30,90.0
331,Perfumes de hombre,Lattafa,Opulent Oud,Eau de Parfum unisex 100 ml,"28,40€",-15 %,"23,60",4.7,10,91.0
332,Perfumes de hombre,Al Haramain,L'Aventure,Eau de Parfum para hombre,"21,20€",Sin descuento,"19,90",4.3,18,92.0
333,Perfumes de hombre,Lattafa,Maahir Black Edition,Eau de Parfum unisex 100 ml,"46,20€",-15 %,"27,50",4,4,93.0
334,Perfumes de hombre,Lalique,Encre Noire A L'Extreme,Eau de Parfum para hombre 100 ml,"123,00€",-15 %,"30,70",4.4,40,94.0
335,Perfumes de hombre,Lattafa,Malik Al Tayoor Concentrated,Eau de Parfum unisex 100 ml,"26,50€",-15 %,"14,90",4.2,4,95.0
336,Perfumes de hombre,Lattafa,Asad,Eau de Parfum para hombre 100 ml,"60,10€",-15 %,"25,50",4.6,19,96.0
337,Perfumes de hombre,Lattafa,Badee Al Oud Oud For Glory,Eau de Parfum unisex 100 ml,"27,70€",Sin descuento,"26,00",4.4,12,97.0
338,Perfumes de hombre,Lattafa,Fakhar Lattafa Men,Eau de Parfum para hombre 100 ml,"36,70€",-15 %,"18,30",4.3,10,98.0
339,Perfumes de hombre,Bentley,For Men Intense,Eau de Parfum para hombre 100 ml,"89,00€",-15 %,"29,50",4.5,123,99.0
340,Perfumes de hombre,Lattafa,Ameer Al Oudh Intense Oud,Eau de Parfum unisex 100 ml,"33,70€",-15 %,"21,40",4.3,25,100.0
341,Perfumes de hombre,Lattafa,Qaed Al Fursan,Eau de Parfum unisex 90 ml,"28,00€",-15 %,"18,80",4.4,18,101.0
342,Perfumes de hombre,Afnan,Supremacy Not Only Intense,extracto de perfume para hombre 100 ml,Es el precio con desc,-15 %,"51,40",Sin valoracion,Sin valoraciones,102.0
343,Perfumes de hombre,Lattafa,Badee Al Oud Ametyst,Eau de Parfum para mujer 100 ml,"49,50€",-15 %,"32,00",4.2,23,103.0
344,Perfumes de hombre,Afnan,Turathi Blue Homme,Eau de Parfum para hombre 90 ml,"37,20€",-15 %,"36,00",4.6,44,104.0
345,Perfumes de hombre,Al Haramain,Amber Oud Gold Edition,Eau de Parfum unisex 60 ml,"104,22€",-15 %,"56,10",4.9,17,105.0
346,Perfumes de hombre,Al Haramain,Détour noir,Eau de Parfum para hombre 100 ml,"59,30€",-15 %,"31,70",4.4,16,106.0
347,Perfumes de hombre,Lattafa,Opulent Red,Eau de Parfum unisex 100 ml,"32,80€",-15 %,"18,60",4.7,29,107.0
348,Perfumes de hombre,Rasasi,Daarej Pour Homme,Eau de Parfum para hombre 100 ml,"34,80€",-15 %,"19,00",4.3,53,108.0
349,Perfumes de hombre,Lattafa,Sheikh Al Shuyukh Luxe Edition,Eau de Parfum unisex 100 ml,"27,30€",-15 %,"18,80",4.6,27,109.0
350,Perfumes de hombre,Rasasi,Shuhrah Pour Homme,Eau de Parfum para hombre 90 ml,"47,80€",-15 %,"25,40",4.3,129,110.0
351,Perfumes de hombre,Lattafa,Pride Ishq Al Shuyukh Gold,Eau de Parfum unisex 100 ml,Es el precio con desc,-15 %,"56,00",Sin valoracion,Sin valoraciones,111.0
352,Perfumes de hombre,Afnan,9 PM,Eau de Parfum para hombre 100 ml,Es el precio con desc,-15 %,"41,10",Sin valoracion,Sin valoraciones,112.0
353,Perfumes de hombre,Just Jack,Tobacco Leaf,Eau de Parfum unisex,"27,49€",-15 %,"11,50",4.7,22,113.0
354,Perfumes de hombre,Rasasi,Fattan Pour Homme,Eau de Parfum para hombre 50 ml,"28,40€",-15 %,"15,40",4.4,30,114.0
355,Perfumes de hombre,Lattafa,Opulent Oud,Eau de Parfum unisex 100 ml,"28,40€",-15 %,"23,60",4.7,10,115.0
356,Perfumes de hombre,Al Haramain,L'Aventure,Eau de Parfum para hombre,"21,20€",Sin descuento,"19,90",4.3,18,116.0
357,Perfumes de hombre,Lattafa,Maahir Black Edition,Eau de Parfum unisex 100 ml,"46,20€",-15 %,"27,50",4,4,117.0
358,Perfumes de hombre,Lalique,Encre Noire A L'Extreme,Eau de Parfum para hombre 100 ml,"123,00€",-15 %,"30,70",4.4,40,118.0
359,Perfumes de hombre,Lattafa,Malik Al Tayoor Concentrated,Eau de Parfum unisex 100 ml,"26,50€",-15 %,"14,90",4.2,4,119.0
360,Perfumes de hombre,Al Haramain,Mukhallath Al Sultan,Eau de Parfum para hombre 40 ml,Es el precio con desc,-15 %,"153,20",Sin valoracion,Sin valoraciones,120.0
361,Perfumes de hombre,Police,To be Born to Shine,Eau de Toilette para hombre,Es el precio con desc,-15 %,"9,80",Sin valoracion,Sin valoraciones,121.0
362,Perfumes de hombre,Reminiscence,Oriental Dream,Eau de Parfum unisex 100 ml,Es el precio con desc,-15 %,"85,00",Sin valoracion,Sin valoraciones,122.0
363,Perfumes de hombre,Captain Fawcett,Alessandro Manfredini,Eau de Parfum para hombre 50 ml,Es el precio con desc,-15 %,"66,90",Sin valoracion,Sin valoraciones,123.0
364,Perfumes de hombre,Captain Fawcett,Original Rufus Hound's Triumphant,Eau de Parfum para hombre 50 ml,Es el precio con desc,-15 %,"68,10",Sin valoracion,Sin valoraciones,124.0
365,Perfumes de hombre,Captain Fawcett,Barberism by Sid Sottung Eau de Parfum,Eau de Parfum para hombre 50 ml,Es el precio con desc,-15 %,"68,00",Sin valoracion,Sin valoraciones,125.0
366,Perfumes de hombre,Avon,Segno Impact,Eau de Parfum para hombre 75 ml,Es el precio con desc,-15 %,"20,20",Sin valoracion,Sin valoraciones,126.0
367,Perfumes de hombre,Montblanc,Legend Red,Eau de Parfum para hombre,Es el precio con desc,-15 %,"31,00",Sin valoracion,Sin valoraciones,127.0
368,Perfumes de hombre,Lacoste,Red,Eau de Toilette new design para hombre,Es el precio con desc,-15 %,"34,10",Sin valoracion,Sin valoraciones,128.0
369,Perfumes de hombre,Truefitt & Hill,Apsley,agua de colonia para hombre,Es el precio con desc,Sin descuento,"31,50",Sin valoracion,Sin valoraciones,129.0
370,Perfumes de hombre,Xerjoff,Nio,perfume para hombre 50 ml,Es el precio con desc,-15 %,"211,50",Sin valoracion,Sin valoraciones,130.0
371,Perfumes de hombre,Trussardi,Le Vie Di Milano Behind the Curtain Piazza Alla Scala,Eau de Parfum unisex 100 ml,Es el precio con desc,-15 %,"92,90",Sin valoracion,Sin valoraciones,131.0
372,Perfumes de hombre,Prada,Les Infusions: Infusion d'Ylang,Eau de Parfum unisex 100 ml,Es el precio con desc,Sin descuento,"107,60",Sin valoracion,Sin valoraciones,132.0
373,Perfumes de hombre,Calvin Klein,Eternity for Men Parfum,perfume para hombre,"96,00€",-15 %,"52,90",5,1,133.0
374,Perfumes de hombre,Reebok,Cool Your Body,Eau de Toilette para hombre,Es el precio con desc,-15 %,"13,50",Sin valoracion,Sin valoraciones,134.0
375,Perfumes de hombre,Reebok,Cool Your Body,spray corporal refrescante para hombre 150 ml,Es el precio con desc,-15 %,"3,50",Sin valoracion,Sin valoraciones,135.0
376,Perfumes de hombre,Reebok,Move Your Spirit,Eau de Toilette para hombre,Es el precio con desc,-15 %,"13,50",Sin valoracion,Sin valoraciones,136.0
377,Perfumes de hombre,Reebok,Move Your Spirit,spray corporal estimulante para hombre 150 ml,Es el precio con desc,-15 %,"4,10",Sin valoracion,Sin valoraciones,137.0
378,Perfumes de hombre,Reebok,Inspire Your Mind,Eau de Toilette para hombre,Es el precio con desc,-15 %,"13,50",Sin valoracion,Sin valoraciones,138.0
379,Perfumes de hombre,Jenny Glow,Uisce,Eau de Parfum para hombre 50 ml,Es el precio con desc,-15 %,"11,50",Sin valoracion,Sin valoraciones,139.0
380,Perfumes de hombre,Burberry,Hero Eau de Parfum,Eau de Parfum para hombre,Es el precio con desc,-15 %,"72,50",Sin valoracion,Sin valoraciones,140.0
381,Perfumes de hombre,Lacoste,Match Point Cologne,Eau de Toilette para hombre,Es el precio con desc,-15 %,"50,80",Sin valoracion,Sin valoraciones,141.0
382,Perfumes de hombre,Al Haramain,Attar Sheikh Al Arab,aceite perfumado para hombre 105 ml,Es el precio con desc,Sin descuento,"407,00",Sin valoracion,Sin valoraciones,142.0
383,Perfumes de hombre,Mauboussin,Pour Lui In Red,Eau de Parfum para hombre 100 ml,Es el precio con desc,-15 %,"30,00",Sin valoracion,Sin valoraciones,143.0
384,Perfumes de hombre,Afnan,Supremacy Not Only Intense,extracto de perfume para hombre 100 ml,Es el precio con desc,-15 %,"51,40",Sin valoracion,Sin valoraciones,144.0
385,Perfumes de hombre,Lattafa,Pride Eternal Oud,Eau de Parfum unisex 100 ml,Es el precio con desc,-15 %,"56,00",Sin valoracion,Sin valoraciones,145.0
386,Perfumes de hombre,Lattafa,Asad,Eau de Parfum para hombre 100 ml,"60,10€",-15 %,"25,50",4.6,19,146.0
387,Perfumes de hombre,Lattafa,Badee Al Oud Oud For Glory,Eau de Parfum unisex 100 ml,"27,70€",Sin descuento,"26,00",4.4,12,147.0
388,Perfumes de hombre,Versace,Eros Flame,Eau de Parfum para hombre,"53,00€",Sin descuento,"49,80",4.5,6,148.0
389,Perfumes de hombre,Lattafa,Fakhar Lattafa Men,Eau de Parfum para hombre 100 ml,"36,70€",-15 %,"18,30",4.3,10,149.0
390,Perfumes de hombre,Bentley,For Men Intense,Eau de Parfum para hombre 100 ml,"89,00€",-15 %,"29,50",4.5,123,150.0
391,Perfumes de hombre,Lattafa,Ameer Al Oudh Intense Oud,Eau de Parfum unisex 100 ml,"33,70€",-15 %,"21,40",4.3,25,151.0
392,Perfumes de hombre,Afnan,Supremacy In Oud,Eau de Parfum unisex 100 ml,"51,20€",-15 %,"46,10",4.5,2,152.0
393,Perfumes de hombre,Lattafa,Qaed Al Fursan,Eau de Parfum unisex 90 ml,"28,00€",-15 %,"18,80",4.4,18,153.0
394,Perfumes de hombre,Carolina Herrera,212 VIP Black,Eau de Parfum para hombre,Es el precio con desc,Sin descuento,"48,00",Sin valoracion,Sin valoraciones,154.0
395,Perfumes de hombre,Afnan,Supremacy Silver,Eau de Parfum para hombre 100 ml,Es el precio con desc,-15 %,"37,20",Sin valoracion,Sin valoraciones,155.0
396,Perfumes de hombre,Lattafa,Badee Al Oud Ametyst,Eau de Parfum para mujer 100 ml,"49,50€",-15 %,"32,00",4.2,23,156.0
397,Perfumes de hombre,Versace,Pour Homme Oud Noir,Eau de Parfum para hombre 100 ml,Es el precio con desc,-15 %,"110,00",Sin valoracion,Sin valoraciones,157.0
398,Perfumes de hombre,Al Haramain,Amber Oud Gold Edition,Eau de Parfum unisex 60 ml,"104,22€",-15 %,"56,10",4.9,17,158.0
399,Perfumes de hombre,Afnan,Turathi Blue Homme,Eau de Parfum para hombre 90 ml,"37,20€",-15 %,"36,00",4.6,44,159.0
400,Perfumes de hombre,Lattafa,Opulent Red,Eau de Parfum unisex 100 ml,"32,80€",-15 %,"18,60",4.7,29,160.0
401,Perfumes de hombre,Al Haramain,Détour noir,Eau de Parfum para hombre 100 ml,"59,30€",-15 %,"31,70",4.4,16,161.0
402,Perfumes de hombre,Lattafa,Sheikh Al Shuyukh Luxe Edition,Eau de Parfum unisex 100 ml,"27,30€",-15 %,"18,80",4.6,27,162.0
403,Perfumes de hombre,Rasasi,Daarej Pour Homme,Eau de Parfum para hombre 100 ml,"34,80€",-15 %,"19,00",4.3,53,163.0
404,Perfumes de hombre,Lattafa,Pride Ishq Al Shuyukh Gold,Eau de Parfum unisex 100 ml,Es el precio con desc,-15 %,"56,00",Sin valoracion,Sin valoraciones,164.0
405,Perfumes de hombre,Rasasi,Shuhrah Pour Homme,Eau de Parfum para hombre 90 ml,"47,80€",-15 %,"25,40",4.3,129,165.0
406,Perfumes de hombre,Afnan,9 PM,Eau de Parfum para hombre 100 ml,Es el precio con desc,-15 %,"41,10",Sin valoracion,Sin valoraciones,166.0
407,Perfumes de hombre,Just Jack,Tobacco Leaf,Eau de Parfum unisex,"27,49€",-15 %,"11,50",4.7,22,167.0
408,Perfumes de hombre,Afnan,Supremacy Not Only Intense,extracto de perfume para hombre 100 ml,Es el precio con desc,-15 %,"51,40",Sin valoracion,Sin valoraciones,168.0
409,Perfumes de hombre,Lattafa,Pride Eternal Oud,Eau de Parfum unisex 100 ml,Es el precio con desc,-15 %,"56,00",Sin valoracion,Sin valoraciones,169.0
410,Perfumes de hombre,Lattafa,Asad,Eau de Parfum para hombre 100 ml,"60,10€",-15 %,"25,50",4.6,19,170.0
411,Perfumes de hombre,Lattafa,Badee Al Oud Oud For Glory,Eau de Parfum unisex 100 ml,"27,70€",Sin descuento,"26,00",4.4,12,171.0
412,Perfumes de hombre,Versace,Eros Flame,Eau de Parfum para hombre,"53,00€",Sin descuento,"49,80",4.5,6,172.0
413,Perfumes de hombre,Lattafa,Fakhar Lattafa Men,Eau de Parfum para hombre 100 ml,"36,70€",-15 %,"18,30",4.3,10,173.0
414,Perfumes de hombre,Bentley,For Men Intense,Eau de Parfum para hombre 100 ml,"89,00€",-15 %,"29,50",4.5,123,174.0
415,Perfumes de hombre,Lattafa,Ameer Al Oudh Intense Oud,Eau de Parfum unisex 100 ml,"33,70€",-15 %,"21,40",4.3,25,175.0
416,Perfumes de hombre,Afnan,Supremacy In Oud,Eau de Parfum unisex 100 ml,"51,20€",-15 %,"46,10",4.5,2,176.0
417,Perfumes de hombre,Carolina Herrera,212 VIP Black,Eau de Parfum para hombre,Es el precio con desc,Sin descuento,"48,00",Sin valoracion,Sin valoraciones,177.0
418,Perfumes de hombre,Lattafa,Qaed Al Fursan,Eau de Parfum unisex 90 ml,"28,00€",-15 %,"18,80",4.4,18,178.0
419,Perfumes de hombre,Afnan,Supremacy Silver,Eau de Parfum para hombre 100 ml,Es el precio con desc,-15 %,"37,20",Sin valoracion,Sin valoraciones,179.0
420,Perfumes de hombre,Lattafa,Badee Al Oud Ametyst,Eau de Parfum para mujer 100 ml,"49,50€",-15 %,"32,00",4.2,23,180.0
421,Perfumes de hombre,Versace,Pour Homme Oud Noir,Eau de Parfum para hombre 100 ml,Es el precio con desc,-15 %,"110,00",Sin valoracion,Sin valoraciones,181.0
422,Perfumes de hombre,Al Haramain,Amber Oud Gold Edition,Eau de Parfum unisex 60 ml,"104,22€",-15 %,"56,10",4.9,17,182.0
423,Perfumes de hombre,Afnan,Turathi Blue Homme,Eau de Parfum para hombre 90 ml,"37,20€",-15 %,"36,00",4.6,44,183.0
424,Perfumes de hombre,Lattafa,Opulent Red,Eau de Parfum unisex 100 ml,"32,80€",-15 %,"18,60",4.7,29,184.0
425,Perfumes de hombre,Al Haramain,Détour noir,Eau de Parfum para hombre 100 ml,"59,30€",-15 %,"31,70",4.4,16,185.0
426,Perfumes de hombre,Lattafa,Sheikh Al Shuyukh Luxe Edition,Eau de Parfum unisex 100 ml,"27,30€",-15 %,"18,80",4.6,27,186.0
427,Perfumes de hombre,Rasasi,Daarej Pour Homme,Eau de Parfum para hombre 100 ml,"34,80€",-15 %,"19,00",4.3,53,187.0
428,Perfumes de hombre,Lattafa,Pride Ishq Al Shuyukh Gold,Eau de Parfum unisex 100 ml,Es el precio con desc,-15 %,"56,00",Sin valoracion,Sin valoraciones,188.0
429,Perfumes de hombre,Rasasi,Shuhrah Pour Homme,Eau de Parfum para hombre 90 ml,"47,80€",-15 %,"25,40",4.3,129,189.0
430,Perfumes de hombre,Afnan,9 PM,Eau de Parfum para hombre 100 ml,Es el precio con desc,-15 %,"41,10",Sin valoracion,Sin valoraciones,190.0
431,Perfumes de hombre,Just Jack,Tobacco Leaf,Eau de Parfum unisex,"27,49€",-15 %,"11,50",4.7,22,191.0
432,Perfumes de hombre,Lattafa,Asad,Eau de Parfum para hombre 100 ml,"60,10€",-15 %,"25,50",4.6,19,192.0
433,Perfumes de hombre,Lattafa,Badee Al Oud Oud For Glory,Eau de Parfum unisex 100 ml,"27,70€",Sin descuento,"26,00",4.4,12,193.0
434,Perfumes de hombre,Lattafa,Fakhar Lattafa Men,Eau de Parfum para hombre 100 ml,"36,70€",-15 %,"18,30",4.3,10,194.0
435,Perfumes de hombre,Bentley,For Men Intense,Eau de Parfum para hombre 100 ml,"89,00€",-15 %,"29,50",4.5,123,195.0
436,Perfumes de hombre,Lattafa,Ameer Al Oudh Intense Oud,Eau de Parfum unisex 100 ml,"33,70€",-15 %,"21,40",4.3,25,196.0
437,Perfumes de hombre,Lattafa,Qaed Al Fursan,Eau de Parfum unisex 90 ml,"28,00€",-15 %,"18,80",4.4,18,197.0
438,Perfumes de hombre,Afnan,Supremacy Not Only Intense,extracto de perfume para hombre 100 ml,Es el precio con desc,-15 %,"51,40",Sin valoracion,Sin valoraciones,198.0
439,Perfumes de hombre,Lattafa,Badee Al Oud Ametyst,Eau de Parfum para mujer 100 ml,"49,50€",-15 %,"32,00",4.2,23,199.0
440,Perfumes de hombre,Afnan,Turathi Blue Homme,Eau de Parfum para hombre 90 ml,"37,20€",-15 %,"36,00",4.6,44,200.0
441,Perfumes de hombre,Al Haramain,Amber Oud Gold Edition,Eau de Parfum unisex 60 ml,"104,22€",-15 %,"56,10",4.9,17,201.0
442,Perfumes de hombre,Al Haramain,Détour noir,Eau de Parfum para hombre 100 ml,"59,30€",-15 %,"31,70",4.4,16,202.0
443,Perfumes de hombre,Lattafa,Opulent Red,Eau de Parfum unisex 100 ml,"32,80€",-15 %,"18,60",4.7,29,203.0
444,Perfumes de hombre,Rasasi,Daarej Pour Homme,Eau de Parfum para hombre 100 ml,"34,80€",-15 %,"19,00",4.3,53,204.0
445,Perfumes de hombre,Lattafa,Sheikh Al Shuyukh Luxe Edition,Eau de Parfum unisex 100 ml,"27,30€",-15 %,"18,80",4.6,27,205.0
446,Perfumes de hombre,Rasasi,Shuhrah Pour Homme,Eau de Parfum para hombre 90 ml,"47,80€",-15 %,"25,40",4.3,129,206.0
447,Perfumes de hombre,Lattafa,Pride Ishq Al Shuyukh Gold,Eau de Parfum unisex 100 ml,Es el precio con desc,-15 %,"56,00",Sin valoracion,Sin valoraciones,207.0
448,Perfumes de hombre,Afnan,9 PM,Eau de Parfum para hombre 100 ml,Es el precio con desc,-15 %,"41,10",Sin valoracion,Sin valoraciones,208.0
449,Perfumes de hombre,Just Jack,Tobacco Leaf,Eau de Parfum unisex,"27,49€",-15 %,"11,50",4.7,22,209.0
450,Perfumes de hombre,Rasasi,Fattan Pour Homme,Eau de Parfum para hombre 50 ml,"28,40€",-15 %,"15,40",4.4,30,210.0
451,Perfumes de hombre,Lattafa,Opulent Oud,Eau de Parfum unisex 100 ml,"28,40€",-15 %,"23,60",4.7,10,211.0
452,Perfumes de hombre,Al Haramain,L'Aventure,Eau de Parfum para hombre,"21,20€",Sin descuento,"19,90",4.3,18,212.0
453,Perfumes de hombre,Lattafa,Maahir Black Edition,Eau de Parfum unisex 100 ml,"46,20€",-15 %,"27,50",4,4,213.0
454,Perfumes de hombre,Lalique,Encre Noire A L'Extreme,Eau de Parfum para hombre 100 ml,"123,00€",-15 %,"30,70",4.4,40,214.0
455,Perfumes de hombre,Lattafa,Malik Al Tayoor Concentrated,Eau de Parfum unisex 100 ml,"26,50€",-15 %,"14,90",4.2,4,215.0
456,Perfumes de hombre,Lattafa,Asad,Eau de Parfum para hombre 100 ml,"60,10€",-15 %,"25,50",4.6,19,216.0
457,Perfumes de hombre,Lattafa,Badee Al Oud Oud For Glory,Eau de Parfum unisex 100 ml,"27,70€",Sin descuento,"26,00",4.4,12,217.0
458,Perfumes de hombre,Lattafa,Fakhar Lattafa Men,Eau de Parfum para hombre 100 ml,"36,70€",-15 %,"18,30",4.3,10,218.0
459,Perfumes de hombre,Bentley,For Men Intense,Eau de Parfum para hombre 100 ml,"89,00€",-15 %,"29,50",4.5,123,219.0
460,Perfumes de hombre,Lattafa,Ameer Al Oudh Intense Oud,Eau de Parfum unisex 100 ml,"33,70€",-15 %,"21,40",4.3,25,220.0
461,Perfumes de hombre,Lattafa,Qaed Al Fursan,Eau de Parfum unisex 90 ml,"28,00€",-15 %,"18,80",4.4,18,221.0
462,Perfumes de hombre,Afnan,Supremacy Not Only Intense,extracto de perfume para hombre 100 ml,Es el precio con desc,-15 %,"51,40",Sin valoracion,Sin valoraciones,222.0
463,Perfumes de hombre,Lattafa,Badee Al Oud Ametyst,Eau de Parfum para mujer 100 ml,"49,50€",-15 %,"32,00",4.2,23,223.0
464,Perfumes de hombre,Afnan,Turathi Blue Homme,Eau de Parfum para hombre 90 ml,"37,20€",-15 %,"36,00",4.6,44,224.0
465,Perfumes de hombre,Al Haramain,Amber Oud Gold Edition,Eau de Parfum unisex 60 ml,"104,22€",-15 %,"56,10",4.9,17,225.0
466,Perfumes de hombre,Al Haramain,Détour noir,Eau de Parfum para hombre 100 ml,"59,30€",-15 %,"31,70",4.4,16,226.0
467,Perfumes de hombre,Lattafa,Opulent Red,Eau de Parfum unisex 100 ml,"32,80€",-15 %,"18,60",4.7,29,227.0
468,Perfumes de hombre,Rasasi,Daarej Pour Homme,Eau de Parfum para hombre 100 ml,"34,80€",-15 %,"19,00",4.3,53,228.0
469,Perfumes de hombre,Lattafa,Sheikh Al Shuyukh Luxe Edition,Eau de Parfum unisex 100 ml,"27,30€",-15 %,"18,80",4.6,27,229.0
470,Perfumes de hombre,Rasasi,Shuhrah Pour Homme,Eau de Parfum para hombre 90 ml,"47,80€",-15 %,"25,40",4.3,129,230.0
471,Perfumes de hombre,Lattafa,Pride Ishq Al Shuyukh Gold,Eau de Parfum unisex 100 ml,Es el precio con desc,-15 %,"56,00",Sin valoracion,Sin valoraciones,231.0
472,Perfumes de hombre,Afnan,9 PM,Eau de Parfum para hombre 100 ml,Es el precio con desc,-15 %,"41,10",Sin valoracion,Sin valoraciones,232.0
473,Perfumes de hombre,Just Jack,Tobacco Leaf,Eau de Parfum unisex,"27,49€",-15 %,"11,50",4.7,22,233.0
474,Perfumes de hombre,Rasasi,Fattan Pour Homme,Eau de Parfum para hombre 50 ml,"28,40€",-15 %,"15,40",4.4,30,234.0
475,Perfumes de hombre,Lattafa,Opulent Oud,Eau de Parfum unisex 100 ml,"28,40€",-15 %,"23,60",4.7,10,235.0
476,Perfumes de hombre,Al Haramain,L'Aventure,Eau de Parfum para hombre,"21,20€",Sin descuento,"19,90",4.3,18,236.0
477,Perfumes de hombre,Lattafa,Maahir Black Edition,Eau de Parfum unisex 100 ml,"46,20€",-15 %,"27,50",4,4,237.0
478,Perfumes de hombre,Lalique,Encre Noire A L'Extreme,Eau de Parfum para hombre 100 ml,"123,00€",-15 %,"30,70",4.4,40,238.0
479,Perfumes de hombre,Lattafa,Malik Al Tayoor Concentrated,Eau de Parfum unisex 100 ml,"26,50€",-15 %,"14,90",4.2,4,239.0
